x,xnorm,y
96,0.057074911,43.07805175
133,0.079072533,37.92584859
38,0.022592152,20.11362007
20,0.011890606,45.3408597
100,0.059453032,41.42813327
11,0.006539834,13.44918451
13,0.007728894,7.198119444
8,0.004756243,1.61071804
14,0.008323424,0.281708985
30,0.01783591,34.53747103
5,0.002972652,15.2341138
5,0.002972652,14.10629758
6,0.003567182,16.81683988
24,0.014268728,40.78315994
27,0.016052319,34.14875362
28,0.016646849,46.87063842
32,0.01902497,47.15575878
25,0.014863258,39.45109482
21,0.012485137,33.10806066
3,0.001783591,22.62810322
3,0.001783591,22.62810322
8,0.004756243,30.06046401
7,0.004161712,24.79940871
7,0.004161712,15.62312738
42,0.024970273,17.32856766
46,0.027348395,34.20952196
17,0.010107015,29.09068448
44,0.026159334,21.63789486
23,0.013674197,41.62542396
31,0.01843044,35.36930069
68,0.040428062,46.17558647
55,0.032699168,47.75636028
43,0.025564804,42.93475127
8,0.004756243,21.64511452
3,0.001783591,28.88329703
3,0.001783591,37.83624505
3,0.001783591,39.77054128
3,0.001783591,42.99492515
24,0.014268728,38.04392277
19,0.011296076,48.34124912
68,0.040428062,11.6774965
43,0.025564804,10.11595412
47,0.027942925,21.09302286
56,0.033293698,20.83744005
60,0.035671819,24.18337088
50,0.029726516,22.06612812
31,0.01843044,49.17634507
123,0.073127229,38.69882812
65,0.038644471,22.71873023
69,0.041022592,39.35508747
75,0.044589774,48.44203242
78,0.046373365,46.99445852
55,0.032699168,42.94134516
93,0.05529132,49.23964477
49,0.029131986,10.22570124
64,0.038049941,39.05865711
58,0.034482759,37.13181628
61,0.03626635,36.81373337
94,0.05588585,44.9875029
64,0.038049941,37.66216467
61,0.03626635,35.76132183
177,0.105231867,40.84482554
178,0.105826397,39.79777765
165,0.098097503,29.50236398
180,0.107015458,50.28284688
141,0.083828775,43.10723639
209,0.124256837,36.14849448
192,0.114149822,13.91866955
121,0.071938169,19.11411571
247,0.146848989,20.77943
161,0.095719382,4.639991364
148,0.087990488,6.612936839
92,0.05469679,31.2665288
198,0.117717004,7.711447388
214,0.127229489,42.55261998
216,0.128418549,39.39804214
250,0.14863258,4.905471369
315,0.187277051,39.55625028
243,0.144470868,43.88774221
224,0.133174792,21.5939172
260,0.154577883,48.76936481
230,0.136741974,8.416938406
185,0.109988109,5.240579254
217,0.12901308,1.955024701
191,0.113555291,40.76312545
97,0.057669441,6.579837425
103,0.061236623,13.23483006
138,0.082045184,11.38661708
110,0.065398335,45.03918893
199,0.118311534,37.5428858
159,0.094530321,4.348414463
61,0.03626635,11.84232685
130,0.077288942,28.22213932
132,0.078478002,26.35395727
77,0.045778835,10.8076035
89,0.052913199,47.30264365
148,0.087990488,1.972831054
192,0.114149822,28.0010281
210,0.124851367,13.27718054
240,0.142687277,17.41317502
145,0.086206897,0.483139412
159,0.094530321,15.12994015
195,0.115933413,12.3881827
229,0.136147444,23.07947727
224,0.133174792,2.093149732
227,0.134958383,16.52802768
228,0.135552913,15.80082595
98,0.058263971,33.11439401
109,0.064803805,43.69489356
91,0.054102259,44.99394643
13,0.007728894,36.34613126
11,0.006539834,49.11932614
13,0.007728894,13.92881648
12,0.007134364,19.47299004
10,0.005945303,43.00615938
69,0.041022592,41.34758737
66,0.039239001,40.52920686
68,0.040428062,37.24997313
70,0.041617122,34.5626969
94,0.05588585,37.76049145
92,0.05469679,36.52231936
72,0.042806183,37.4867833
110,0.065398335,31.15637191
132,0.078478002,13.77483233
141,0.083828775,42.1799999
122,0.072532699,21.58809945
114,0.067776457,41.18744659
329,0.195600476,17.45330757
330,0.196195006,21.37885325
326,0.193816885,20.48945874
323,0.192033294,23.53966662
296,0.175980975,22.81501378
298,0.177170036,21.55459171
295,0.175386445,21.64978607
284,0.168846611,15.10398617
294,0.174791914,12.55074717
275,0.163495838,1.30385054
285,0.169441141,35.04833083
289,0.171819263,33.69855919
268,0.159334126,31.88511551
269,0.159928656,31.26318429
385,0.228894174,19.22419062
339,0.201545779,39.87410527
413,0.245541023,25.41474986
442,0.262782402,42.42303413
414,0.246135553,13.71378639
463,0.275267539,16.56206071
417,0.247919144,23.85845246
428,0.254458977,28.86199656
404,0.24019025,13.76533244
396,0.235434007,14.12724429
383,0.227705113,5.260096472
386,0.229488704,40.68484072
478,0.284185493,0.701563199
444,0.263971463,37.23681022
452,0.268727705,29.65924532
451,0.268133175,10.48888266
451,0.268133175,22.81698346
412,0.244946492,2.018976351
416,0.247324614,3.288710718
442,0.262782402,40.51909373
441,0.262187872,39.61368251
442,0.262782402,29.12580829
391,0.232461356,9.831104691
395,0.234839477,9.750042125
390,0.231866825,14.3480001
371,0.220570749,19.74917954
375,0.22294887,13.02759026
393,0.233650416,19.12790217
400,0.237812128,19.84921883
396,0.235434007,22.59107435
394,0.234244946,21.79227474
375,0.22294887,24.12230304
373,0.22175981,27.81629405
377,0.224137931,34.7796157
377,0.224137931,24.69302454
371,0.220570749,35.13871999
395,0.234839477,46.80499263
353,0.209869203,13.93587593
343,0.2039239,21.55373005
398,0.236623068,21.07364939
422,0.250891795,12.52245321
344,0.20451843,14.89925483
343,0.2039239,14.47173331
342,0.20332937,14.3331667
326,0.193816885,14.53404653
325,0.193222354,4.841598983
296,0.175980975,10.30660132
314,0.186682521,31.04530695
307,0.182520809,11.14657204
271,0.161117717,13.72749283
245,0.145659929,41.01236617
242,0.143876338,39.55791309
238,0.141498216,47.43408731
237,0.140903686,48.24231036
104,0.061831153,29.78996662
83,0.049346017,24.34140014
81,0.048156956,23.1122695
80,0.047562426,22.92979503
60,0.035671819,41.0943763
92,0.05469679,9.051172548
95,0.05648038,19.49843322
112,0.066587396,15.64146803
113,0.067181926,11.95274058
112,0.066587396,9.058987637
100,0.059453032,11.34711026
102,0.060642093,5.490601421
69,0.041022592,27.1944658
136,0.080856124,8.973133192
137,0.081450654,25.55167956
144,0.085612366,27.20780615
30,0.01783591,42.08071484
32,0.01902497,36.80053122
111,0.065992866,32.02430331
181,0.107609988,7.04651836
152,0.090368609,32.44508258
197,0.117122473,5.718249318
387,0.230083234,26.17589905
420,0.249702735,47.19783644
376,0.223543401,35.88087744
384,0.228299643,1.323422891
390,0.231866825,4.931830875
372,0.221165279,15.04489387
410,0.243757432,0.401661353
415,0.246730083,20.25440234
299,0.177764566,22.49058179
303,0.180142687,10.23587203
261,0.155172414,5.852020719
230,0.136741974,27.30729025
261,0.155172414,9.442326727
234,0.139120095,14.82834851
268,0.159334126,42.93823818
336,0.199762188,28.56723836
215,0.127824019,18.22870567
238,0.141498216,41.60163528
230,0.136741974,49.42273039
251,0.149227111,42.22437415
248,0.14744352,36.94174723
173,0.102853746,24.28504669
194,0.115338882,32.80631813
170,0.101070155,29.56637047
228,0.135552913,26.56608938
214,0.127229489,38.90480009
284,0.168846611,39.50082742
272,0.161712247,32.53725408
251,0.149227111,45.04200064
291,0.173008323,6.5636389
210,0.124851367,10.79248405
209,0.124256837,9.154353846
222,0.131985731,33.52195639
278,0.165279429,7.606460207
296,0.175980975,44.22665641
183,0.108799049,5.543136782
182,0.108204518,3.837236094
182,0.108204518,46.84933316
289,0.171819263,24.36339133
258,0.153388823,45.79978688
262,0.155766944,39.41312374
262,0.155766944,11.20750925
335,0.199167658,6.088679896
448,0.266349584,37.77951635
470,0.279429251,23.7614892
509,0.302615933,18.3584356
375,0.22294887,17.35829848
289,0.171819263,15.99287619
289,0.171819263,13.96938262
327,0.194411415,41.70783994
330,0.196195006,43.40937172
329,0.195600476,43.03139396
232,0.137931034,44.88052843
516,0.306777646,8.52560835
506,0.300832342,8.660697088
510,0.303210464,18.89304327
490,0.291319857,7.70309743
455,0.270511296,1.165591956
524,0.311533888,33.9445411
523,0.310939358,3.966337705
515,0.306183115,18.67695929
491,0.291914388,17.88531746
477,0.283590963,26.92497294
378,0.224732461,39.63085146
406,0.24137931,14.11481728
526,0.312722949,1.407296259
418,0.248513674,11.67578304
424,0.252080856,36.39230556
446,0.265160523,31.34416268
446,0.265160523,23.74015003
471,0.280023781,20.45064745
479,0.284780024,21.06379793
517,0.307372176,24.98259621
530,0.31510107,38.92776762
502,0.298454221,49.78935029
594,0.353151011,44.84392707
623,0.37039239,25.66880039
251,0.149227111,23.21939822
246,0.146254459,12.93952951
328,0.195005945,33.78763889
1628,0.967895363,26.38171872
1650,0.98097503,36.77069604
1651,0.98156956,33.14718951
1649,0.980380499,44.3786335
1306,0.776456599,43.83987117
1318,0.783590963,41.13406479
1117,0.664090369,36.38424904
1037,0.616527943,14.33756544
1060,0.63020214,30.07192435
1047,0.622473246,22.23963702
1061,0.630796671,28.24392213
1074,0.638525565,20.89629895
1098,0.652794293,47.96487952
1056,0.627824019,15.47711413
1050,0.624256837,7.598930107
965,0.57372176,40.15890095
963,0.572532699,35.32453155
803,0.477407848,20.56834298
815,0.484542212,41.05726128
682,0.405469679,12.80555341
680,0.404280618,16.13609406
700,0.416171225,21.33166551
640,0.380499405,33.76963222
744,0.442330559,41.71016026
732,0.435196195,41.82873003
717,0.42627824,44.42532083
799,0.475029727,15.86577146
897,0.533293698,2.284847231
864,0.513674197,8.443191462
826,0.491082045,1.987436603
835,0.496432818,7.248709276
743,0.441736029,8.463419056
732,0.435196195,5.763525836
723,0.429845422,14.04453111
668,0.397146254,27.61539332
643,0.382282996,36.2836193
652,0.387633769,36.97018474
652,0.387633769,38.72718352
643,0.382282996,21.62616271
646,0.384066587,25.76051698
618,0.367419738,16.74932976
584,0.347205707,40.4045566
586,0.348394768,40.1527241
579,0.344233056,29.29259991
579,0.344233056,28.15629837
599,0.356123662,16.28048701
602,0.357907253,20.02466529
604,0.359096314,20.72213876
592,0.35196195,15.20020157
611,0.363258026,18.01814949
607,0.360879905,20.31684582
625,0.371581451,49.16868373
603,0.358501784,47.16578311
614,0.365041617,33.42734493
518,0.307966706,5.671481808
545,0.324019025,14.19618599
559,0.332342449,38.05500656
551,0.327586207,29.58779939
554,0.329369798,28.9559531
534,0.317479191,38.16792037
477,0.283590963,10.39906894
612,0.363852556,7.049183239
617,0.366825208,42.55798297
542,0.322235434,14.13058803
541,0.321640904,3.602994617
577,0.343043995,5.02831736
556,0.330558859,20.31753107
468,0.27824019,15.71296092
467,0.27764566,30.43371519
407,0.241973841,9.230981573
523,0.310939358,30.53906879
580,0.344827586,10.30701498
531,0.3156956,4.928531872
611,0.363258026,17.03690693
627,0.372770511,24.86902324
642,0.381688466,26.63623429
652,0.387633769,42.53511623
611,0.363258026,4.080169074
595,0.353745541,0.623016595
596,0.354340071,43.44270482
560,0.33293698,29.35607004
549,0.326397146,13.41685901
573,0.340665874,30.35724007
634,0.376932224,29.61158057
633,0.376337693,14.5210984
642,0.381688466,18.09397706
622,0.36979786,49.9439266
617,0.366825208,48.98972218
594,0.353151011,24.35877794
555,0.329964328,26.33879556
555,0.329964328,25.31915029
584,0.347205707,19.59523095
651,0.387039239,28.51153726
558,0.331747919,23.66028118
561,0.33353151,28.92586146
579,0.344233056,36.90580827
476,0.282996433,16.83037497
825,0.490487515,20.36478572
656,0.390011891,19.91820259
632,0.375743163,4.891927686
650,0.386444709,34.66241605
690,0.410225922,42.93568652
757,0.450059453,43.1487335
769,0.457193817,44.34659494
770,0.457788347,41.24524657
764,0.454221165,43.68267191
786,0.467300832,40.64781599
722,0.429250892,47.02109161
759,0.451248514,15.18773998
785,0.466706302,13.15507321
763,0.453626635,10.82799434
784,0.466111772,16.06563954
778,0.46254459,19.7487223
733,0.435790725,30.85343458
770,0.457788347,14.03528091
779,0.46313912,27.46884117
770,0.457788347,15.27342579
759,0.451248514,23.85489446
722,0.429250892,29.10718312
654,0.38882283,18.94391985
565,0.335909631,16.26657609
539,0.320451843,19.77516521
621,0.369203329,26.49234485
614,0.365041617,35.30038098
691,0.410820452,16.52443543
646,0.384066587,2.776180065
643,0.382282996,0.970023283
653,0.3882283,1.443585136
638,0.379310345,41.71799289
570,0.338882283,34.09151837
618,0.367419738,23.8074309
625,0.371581451,16.96330542
539,0.320451843,40.38110099
524,0.311533888,35.43937351
568,0.337693222,8.909000186
884,0.525564804,6.975803375
909,0.540428062,46.99060977
944,0.561236623,39.56545002
932,0.554102259,19.89918257
903,0.53686088,23.55647678
895,0.532104637,20.93032535
898,0.533888228,20.16514188
900,0.535077289,17.77351757
930,0.552913199,33.26869479
808,0.480380499,40.70985618
797,0.473840666,39.7193445
781,0.464328181,18.23397608
783,0.465517241,19.52038847
665,0.395362663,24.6557733
657,0.390606421,28.33464857
893,0.530915577,1.763504264
899,0.534482759,36.22311239
938,0.557669441,6.739360906
921,0.547562426,14.61595755
950,0.564803805,21.19828867
956,0.568370987,17.51785762
291,0.173008323,10.76908585
326,0.193816885,12.5006166
325,0.193222354,10.06004894
329,0.195600476,10.93599821
351,0.208680143,2.48553321
367,0.218192628,7.74984948
564,0.335315101,44.83638388
535,0.318073722,34.04880935
535,0.318073722,28.9785637
519,0.308561237,37.08861927
720,0.428061831,22.91888946
721,0.428656361,21.04939499
730,0.434007134,38.16667981
837,0.497621879,7.844749131
837,0.497621879,1.285755526
790,0.469678954,26.39534478
808,0.480380499,28.77382203
713,0.423900119,39.13089326
692,0.411414982,44.1784715
709,0.421521998,42.2554053
809,0.48097503,2.51416338
808,0.480380499,0.373108014
805,0.478596908,1.042226898
810,0.48156956,0.304681694
812,0.482758621,9.935102995
765,0.454815696,28.85769311
715,0.42508918,7.124509785
641,0.381093936,13.33330518
643,0.382282996,14.09769927
636,0.378121284,28.48523016
654,0.38882283,34.80958755
712,0.423305589,18.62006865
549,0.326397146,12.08254056
571,0.339476813,41.23135987
557,0.331153389,32.74270484
477,0.283590963,25.48429765
455,0.270511296,21.72619723
734,0.436385256,3.778701381
685,0.40725327,21.59074954
706,0.419738407,4.292737424
578,0.343638526,47.24566378
530,0.31510107,24.23500396
493,0.293103448,27.15660458
494,0.293697979,13.5920057
495,0.294292509,29.71715801
461,0.274078478,47.2531602
400,0.237812128,34.10062391
467,0.27764566,20.86168912
477,0.283590963,32.37363168
1348,0.801426873,34.23974054
1320,0.784780024,41.15965757
1321,0.785374554,42.07049062
1296,0.770511296,22.63173474
1340,0.79667063,28.25020308
1360,0.808561237,4.946268548
1348,0.801426873,3.903218807
1344,0.799048751,4.77382386
1331,0.791319857,1.47792938
1336,0.794292509,4.855164323
1322,0.785969084,17.20955243
1351,0.803210464,27.97840999
1307,0.77705113,29.20547337
1318,0.783590963,28.18807629
1279,0.760404281,6.919252294
1253,0.744946492,7.586562507
1230,0.731272295,30.19668245
1206,0.717003567,31.36134312
1164,0.692033294,43.2471173
1161,0.690249703,45.21578826
1189,0.706896552,32.13032673
1191,0.708085612,28.53973992
1148,0.682520809,15.13856411
1152,0.68489893,19.55392045
1151,0.6843044,18.3851962
1154,0.68608799,20.53359053
1122,0.66706302,5.915482785
1135,0.674791914,15.43340142
1141,0.678359096,22.86741539
1130,0.671819263,35.8458906
1065,0.633174792,12.10195152
1064,0.632580262,6.268299009
1159,0.689060642,33.86269449
1142,0.678953627,29.54528623
1144,0.680142687,28.9255298
1134,0.674197384,34.63619381
1135,0.674791914,34.20242624
1055,0.627229489,29.33597694
1052,0.625445898,27.46368065
1007,0.598692033,22.90651416
1009,0.599881094,26.9115325
995,0.591557669,20.520485
990,0.588585018,19.70876331
991,0.589179548,17.93129352
988,0.587395957,18.24835714
982,0.583828775,13.15134434
986,0.586206897,13.16529867
986,0.586206897,11.73202981
977,0.580856124,18.67128565
971,0.577288942,20.27402512
977,0.580856124,15.29418969
975,0.579667063,9.795166214
972,0.577883472,0.927791197
914,0.543400713,4.652018972
867,0.515457788,46.14905707
827,0.491676576,41.47862721
751,0.446492271,40.55143667
751,0.446492271,39.7035945
751,0.446492271,35.38872829
736,0.437574316,26.90335018
865,0.514268728,31.16939255
843,0.501189061,39.04314358
845,0.502378121,39.17683999
855,0.508323424,47.73610647
838,0.498216409,10.99788006
841,0.5,10.94449178
828,0.492271106,12.25726781
844,0.501783591,7.757024097
789,0.469084423,18.19898756
892,0.530321046,37.96967884
890,0.529131986,26.61045106
893,0.530915577,26.83690161
885,0.526159334,22.55772751
879,0.522592152,20.5870218
868,0.516052319,33.94207272
868,0.516052319,36.17339212
861,0.511890606,29.67299509
859,0.510701546,28.57566783
844,0.501783591,44.98770288
850,0.505350773,37.8594985
851,0.505945303,38.23102089
821,0.488109394,31.31327066
853,0.507134364,24.22932286
852,0.506539834,23.76288968
848,0.504161712,12.75238133
783,0.465517241,12.73702432
846,0.502972652,5.70476343
880,0.523186683,10.30313933
865,0.514268728,1.893464478
867,0.515457788,6.098953096
846,0.502972652,24.66432606
934,0.55529132,44.82651144
998,0.59334126,40.28911939
1201,0.714030916,43.16520696
1340,0.79667063,45.44860941
1286,0.764565993,15.15101607
1252,0.744351962,35.9450021
1329,0.790130797,32.21486271
1334,0.793103448,37.2749708
1338,0.79548157,36.63896765
1326,0.788347206,40.8532507
1253,0.744946492,48.35115827
1265,0.752080856,20.72148459
1267,0.753269917,22.65111552
1256,0.746730083,29.84517482
1254,0.745541023,41.54835706
1255,0.746135553,46.37590867
1177,0.699762188,4.570041093
1196,0.711058264,1.857247334
1150,0.683709869,26.09743522
1128,0.670630202,36.33837451
1121,0.66646849,36.80576211
1079,0.641498216,15.87521694
959,0.570154578,7.643466676
903,0.53686088,15.75739859
872,0.51843044,9.705596263
863,0.513079667,10.32878742
850,0.505350773,10.60326061
875,0.520214031,2.243565571
869,0.516646849,0.848001417
896,0.532699168,26.03082705
875,0.520214031,39.76227383
790,0.469678954,38.3171143
797,0.473840666,47.83084252
790,0.469678954,44.42702509
633,0.376337693,11.68343071
596,0.354340071,12.35813262
594,0.353151011,15.0727874
603,0.358501784,10.55828997
607,0.360879905,7.828868652
604,0.359096314,8.898567007
615,0.365636147,7.571009514
627,0.372770511,3.097696539
616,0.366230678,5.972836372
615,0.365636147,7.481575885
585,0.347800238,11.36714809
618,0.367419738,22.20721009
359,0.213436385,25.18227839
441,0.262187872,19.49977782
486,0.288941736,2.642611301
623,0.37039239,22.3182127
588,0.349583829,22.25944114
593,0.35255648,3.80481392
635,0.377526754,22.38114905
695,0.413198573,24.2279979
689,0.409631391,6.711874179
721,0.428656361,40.95347626
719,0.427467301,41.25472844
721,0.428656361,43.36099638
737,0.438168847,45.03365801
711,0.422711058,43.3612157
712,0.423305589,43.01724602
700,0.416171225,49.16340432
662,0.393579073,48.3351379
709,0.421521998,13.10050699
1031,0.612960761,19.68850725
1036,0.615933413,20.13412182
1029,0.6117717,25.57665352
1009,0.599881094,31.35414917
1015,0.603448276,30.47316245
1003,0.596313912,30.08074518
998,0.59334126,16.22001064
1028,0.61117717,7.089432921
1004,0.596908442,4.285928241
957,0.568965517,31.66247914
1039,0.617717004,3.36818248
1039,0.617717004,1.978062607
1037,0.616527943,7.733808518
1044,0.620689655,0.80568216
997,0.59274673,11.22325108
1022,0.607609988,40.22916127
1017,0.604637337,32.86898041
1014,0.602853746,35.19847341
1016,0.604042806,34.29657083
1019,0.605826397,44.74798222
1013,0.602259215,47.61363451
1007,0.598692033,16.41364795
1028,0.61117717,28.03138387
1081,0.642687277,20.9854243
1126,0.669441141,43.72449035
1078,0.640903686,37.62615412
880,0.523186683,29.17737143
789,0.469084423,30.65108298
792,0.470868014,28.20446361
745,0.442925089,36.85610862
741,0.440546968,39.13703571
758,0.450653983,9.536681673
735,0.436979786,18.88118448
727,0.432223543,18.15858098
687,0.408442331,14.70417891
623,0.37039239,9.698019364
694,0.412604043,6.119874051
648,0.385255648,5.098501311
663,0.394173603,26.86103788
912,0.542211653,1.358113349
936,0.55648038,3.51348555
935,0.55588585,4.88631731
970,0.576694411,33.89623429
933,0.55469679,35.67217401
941,0.559453032,26.23473693
790,0.469678954,33.10411075
793,0.471462545,9.721042862
795,0.472651605,11.61674651
796,0.473246136,34.95933797
774,0.460166468,29.80977154
770,0.457788347,33.75847269
760,0.451843044,13.03466741
1173,0.697384067,16.25676099
1153,0.68549346,30.16417972
1090,0.64803805,17.45237175
1093,0.649821641,16.53566336
1106,0.657550535,7.113434707
1284,0.763376932,0.69493186
1317,0.782996433,37.86217358
1428,0.848989298,6.94736268
1421,0.844827586,27.85057586
1425,0.847205707,14.10386153
1441,0.856718193,35.0161037
1441,0.856718193,33.0988909
1453,0.863852556,47.41825314
1457,0.866230678,46.97162147
1437,0.854340071,47.86367157
1453,0.863852556,32.30845703
1434,0.85255648,31.93744062
1426,0.847800238,18.94146063
1376,0.818073722,4.693435015
1366,0.812128419,6.668178939
1348,0.801426873,27.1904082
1282,0.762187872,31.10369309
1273,0.756837099,25.97993936
1368,0.813317479,6.528885658
1216,0.72294887,6.100079238
1226,0.728894174,47.56874908
1224,0.727705113,42.18883173
1211,0.719976219,45.12491837
1191,0.708085612,25.71811588
1213,0.721165279,19.14415304
1210,0.719381688,19.37983661
1209,0.718787158,19.19980714
1202,0.714625446,45.59867753
1200,0.713436385,45.78755981
1193,0.709274673,42.02485571
1213,0.721165279,49.33411895
1084,0.644470868,4.216780101
1006,0.598097503,17.44063848
1013,0.602259215,37.98140795
936,0.55648038,3.758400459
933,0.55469679,3.607343269
1150,0.683709869,28.30166969
968,0.575505351,7.738808524
1136,0.675386445,24.75796359
1088,0.646848989,0.441633547
1288,0.765755054,30.32274221
1305,0.775862069,31.10116428
1300,0.772889417,37.26390246
1296,0.770511296,29.46062013
1321,0.785374554,48.78918353
1326,0.788347206,47.34809992
1353,0.804399524,30.15458755
1287,0.765160523,36.55878947
1474,0.876337693,9.131009831
1471,0.874554102,45.61529004
1373,0.816290131,8.796491451
1318,0.783590963,25.37723483
1330,0.790725327,24.17896976
1403,0.83412604,3.338816438
1456,0.865636147,38.41253644
1390,0.826397146,16.54283418
1394,0.828775268,21.67049799
1493,0.887633769,42.05332878
1580,0.939357907,22.21948427
1584,0.941736029,1.866962837
1594,0.947681332,9.706192704
1584,0.941736029,13.5191561
1586,0.942925089,21.21642587
1576,0.936979786,25.39162262
1518,0.902497027,25.14453652
1493,0.887633769,1.957508133
1470,0.873959572,17.47620152
1552,0.922711058,10.78806669
1558,0.92627824,21.52474611
1585,0.942330559,15.32504122
1584,0.941736029,9.706279288
1590,0.94530321,9.836800628
1609,0.956599287,14.18248855
1609,0.956599287,12.39432125
1611,0.957788347,12.41732051
1608,0.956004756,10.42540006
1581,0.939952438,15.43920077
1592,0.946492271,24.06214947
1593,0.947086801,22.52566722
1549,0.920927467,16.24932565
1572,0.934601665,14.03348576
1581,0.939952438,26.56083798
1569,0.932818074,31.40641705
1570,0.933412604,30.03016943
1554,0.923900119,46.91473623
1552,0.922711058,41.63579079
1553,0.923305589,43.57622661
1573,0.935196195,48.72382197
1567,0.931629013,46.84061789
1577,0.937574316,48.53609881
1568,0.932223543,41.57548056
1558,0.92627824,44.34834547
1553,0.923305589,49.53951115
1539,0.914982164,48.96535572
1578,0.938168847,46.35009271
1577,0.937574316,42.444654
1588,0.94411415,40.74310495
1592,0.946492271,40.5515043
1589,0.94470868,30.02271158
1619,0.96254459,44.93081894
1615,0.960166468,44.50056649
1604,0.953626635,46.96022757
1603,0.953032105,50.08466577
1613,0.958977408,47.16214789
1619,0.96254459,39.25135825
1610,0.957193817,33.23805324
1598,0.950059453,25.90837246
1600,0.951248514,26.80842491
1582,0.940546968,30.30736697
1598,0.950059453,34.95837727
1613,0.958977408,11.63585627
1614,0.959571938,2.257886227
1623,0.964922711,7.735469725
1619,0.96254459,9.23231819
1626,0.966706302,4.15282822
1624,0.965517241,4.655144468
1601,0.951843044,22.54768719
1604,0.953626635,21.51986316
1609,0.956599287,21.31552704
1590,0.94530321,27.80200473
1595,0.948275862,1.604396268
1576,0.936979786,10.71986158
1578,0.938168847,10.43072196
1577,0.937574316,6.475328239
1569,0.932818074,1.853070831
1609,0.956599287,10.3646018
1625,0.966111772,17.31602581
1617,0.961355529,19.27094587
1600,0.951248514,20.74911216
1639,0.974435196,13.34042072
1640,0.975029727,16.62871917
1550,0.921521998,30.67091221
1545,0.918549346,37.78298133
1544,0.917954816,34.6168828
1545,0.918549346,28.09607059
1547,0.919738407,26.51443389
1550,0.921521998,24.98992775
1557,0.92568371,19.01554926
1559,0.926872771,0.275992714
1542,0.916765755,4.416282077
1522,0.904875149,9.477077448
1563,0.929250892,29.78939273
1560,0.927467301,21.40916664
1562,0.928656361,19.63559296
1563,0.929250892,23.55858434
1563,0.929250892,26.29204021
1580,0.939357907,22.09929784
1569,0.932818074,44.82571495
1599,0.950653983,11.8642035
1601,0.951843044,12.9843928
1595,0.948275862,6.603409609
1594,0.947681332,5.421208955
1598,0.950059453,9.957440827
1604,0.953626635,3.663797703
1618,0.961950059,36.61266651
1612,0.958382878,31.36071047
1609,0.956599287,30.73751093
1604,0.953626635,28.47974091
1592,0.946492271,34.14219348
1679,0.998216409,50.22695886
1679,0.998216409,43.60809813
1654,0.983353151,41.29703752
1678,0.997621879,35.1731202
1638,0.973840666,46.61558771
1649,0.980380499,46.46038171
1675,0.995838288,27.59828389
1673,0.994649227,28.14293722
1672,0.994054697,29.09685989
1650,0.98097503,27.40506536
1651,0.98156956,29.87456852
1648,0.979785969,19.98267802
1652,0.98216409,18.86091545
1654,0.983353151,17.80075713
1658,0.985731272,25.90447939
1632,0.970273484,33.9778437
1637,0.973246136,8.700168778
1630,0.969084423,7.022805942
1629,0.968489893,5.715136163
1638,0.973840666,17.09899206
1641,0.975624257,7.609737334
1648,0.979785969,5.180792429
1648,0.979785969,5.505447766
1656,0.984542212,14.9992191
1655,0.983947681,11.55008124
1654,0.983353151,19.10216383
1661,0.987514863,11.04283347
1663,0.988703924,12.81777095
1675,0.995838288,12.46891457
1663,0.988703924,17.28886302
1661,0.987514863,7.058270486
1653,0.982758621,46.09952051
1654,0.983353151,46.98458386
1662,0.988109394,42.39415564
1663,0.988703924,41.20845016
1664,0.989298454,39.54284664
1674,0.995243757,44.18715043
1673,0.994649227,44.85077714
1682,1,47.57455987
1659,0.986325803,48.94888452
1673,0.994649227,28.47984094
1669,0.992271106,26.19479166
1668,0.991676576,25.63809241
1667,0.991082045,48.2247902
1662,0.988109394,19.73836719
1668,0.991676576,27.33296814
1668,0.991676576,28.63219307
1662,0.988109394,32.68945342
1661,0.987514863,32.15400362
1660,0.986920333,41.81567213
1658,0.985731272,48.22161061
1647,0.979191439,45.86745037
1657,0.985136742,31.63681446
1662,0.988109394,30.85010498
1670,0.992865636,41.14329424
1670,0.992865636,42.06702326
1647,0.979191439,12.1799099
1642,0.976218787,22.4099845
1642,0.976218787,9.940843914
1653,0.982758621,7.142013526
1626,0.966706302,20.75371986
1614,0.959571938,19.37027927
1621,0.96373365,43.92935799
1613,0.958977408,49.67942988
1610,0.957193817,49.5950356
1628,0.967895363,1.809139227
1648,0.979785969,0.62698299
1641,0.975624257,40.01559503
1638,0.973840666,44.54362303
1641,0.975624257,45.49802887
1643,0.976813317,37.55759941
1632,0.970273484,2.363118354
1665,0.989892985,2.034049751
1670,0.992865636,3.739116309
1672,0.994054697,2.769187356
1670,0.992865636,23.94615485
1649,0.980380499,48.98990723
1637,0.973246136,24.71128247
1641,0.975624257,20.85563059
1632,0.970273484,27.53146311
1630,0.969084423,27.61129182
1621,0.96373365,26.55236244
1614,0.959571938,25.65548326
1612,0.958382878,27.54626841
1610,0.957193817,28.05975425
1624,0.965517241,20.96482552
1629,0.968489893,23.46141329
1578,0.938168847,15.90928785
1574,0.935790725,47.1915963
1597,0.949464923,14.63807892
1629,0.968489893,40.89517976
1659,0.986325803,16.30734308
1642,0.976218787,13.59257688
1645,0.978002378,12.19287145
1660,0.986920333,44.67762433
1649,0.980380499,46.56084068
1585,0.942330559,38.62691614
1585,0.942330559,41.50134817
1602,0.952437574,28.82184508
1586,0.942925089,19.19338409
1604,0.953626635,41.14330155
1576,0.936979786,30.20818799
1520,0.903686088,24.53238039
1516,0.901307967,1.009070022
1530,0.909631391,6.693724025
1636,0.972651605,7.833686357
1633,0.970868014,1.352077426
1635,0.972057075,16.65987999
1635,0.972057075,11.95658393
1632,0.970273484,7.928903726
1642,0.976218787,29.66819562
1665,0.989892985,42.6352858
1659,0.986325803,45.31410671
1657,0.985136742,45.55930175
1657,0.985136742,41.66161178
1669,0.992271106,16.51399886
1645,0.978002378,7.95502511
1646,0.978596908,8.91074981
1649,0.980380499,12.60747569
1652,0.98216409,13.8424971
1652,0.98216409,23.24422673
1641,0.975624257,41.475983
1672,0.994054697,6.472721714
1670,0.992865636,7.851231955
1670,0.992865636,9.374720754
1676,0.996432818,9.332498686
1678,0.997621879,7.984400533
1606,0.954815696,31.58995742
1600,0.951248514,46.06152657
1409,0.837693222,10.68817826
1423,0.846016647,36.4452751
1390,0.826397146,33.97716601
1368,0.813317479,18.0537648
1378,0.819262782,16.16655948
1340,0.79667063,19.71866803
1335,0.793697979,31.5386243
1351,0.803210464,32.84955549
1385,0.823424495,17.16849974
1290,0.766944114,1.229298907
1286,0.764565993,3.470378183
1289,0.766349584,2.617586661
1290,0.766944114,12.68765718
1293,0.768727705,12.33942513
1277,0.75921522,9.322490508
1273,0.756837099,9.769703181
1273,0.756837099,8.808162376
1258,0.747919144,22.01426589
1261,0.749702735,20.13332305
1238,0.736028537,18.43118594
1262,0.750297265,23.12355397
1237,0.735434007,34.96219394
1198,0.712247325,38.48615373
1202,0.714625446,30.20517455
1183,0.70332937,31.57809288
1163,0.691438763,34.13110535
1135,0.674791914,29.25155014
1137,0.675980975,32.44936382
1138,0.676575505,28.31218784
1133,0.673602854,36.73956164
1145,0.680737218,27.11105996
1146,0.681331748,26.6784973
1145,0.680737218,13.64997705
1171,0.696195006,16.87226818
1176,0.699167658,2.990221416
1173,0.697384067,2.610795743
1162,0.690844233,1.493146206
1161,0.690249703,9.958578967
1165,0.692627824,29.61788367
1175,0.698573127,3.911204097
1163,0.691438763,7.891414433
1165,0.692627824,14.59500147
1134,0.674197384,2.527786436
1112,0.661117717,3.93464057
1145,0.680737218,1.740545804
1138,0.676575505,16.06927918
1096,0.651605232,44.98333031
1048,0.623067776,32.73266485
1047,0.622473246,31.4200993
1072,0.637336504,16.56688595
1080,0.642092747,5.163783484
1065,0.633174792,27.47389249
1066,0.633769322,25.76934577
1062,0.631391201,30.75322673
1112,0.661117717,2.615791508
1104,0.656361474,4.466925368
1073,0.637931034,9.793922994
1081,0.642687277,11.108578
1080,0.642092747,11.74756518
1076,0.639714625,47.89050542
1034,0.614744352,30.94468233
1031,0.612960761,35.13666315
1037,0.616527943,24.90295916
1020,0.606420927,38.42011061
1010,0.600475624,37.4168428
1013,0.602259215,34.19501621
1012,0.601664685,31.50648358
970,0.576694411,35.05886807
970,0.576694411,36.51755795
968,0.575505351,35.99722639
966,0.57431629,27.57602188
956,0.568370987,24.84366165
972,0.577883472,38.9115623
936,0.55648038,38.30955995
937,0.557074911,43.29357695
930,0.552913199,47.61643734
917,0.545184304,30.22053204
990,0.588585018,7.349428082
984,0.585017836,4.2489893
980,0.582639715,4.000519076
959,0.570154578,2.586509679
1014,0.602853746,17.41383634
887,0.527348395,2.57799105
861,0.511890606,16.89213432
858,0.510107015,17.96166819
823,0.489298454,40.7563835
746,0.44351962,5.632866002
764,0.454221165,10.76370794
772,0.458977408,4.638114114
725,0.431034483,21.5685406
740,0.439952438,12.57914888
751,0.446492271,17.13860464
723,0.429845422,2.46921391
704,0.418549346,3.223204227
991,0.589179548,8.027216173
983,0.584423306,13.30630942
958,0.569560048,44.19602822
971,0.577288942,44.16971679
998,0.59334126,43.26973076
965,0.57372176,43.62959809
884,0.525564804,20.18748873
920,0.546967895,24.98986584
802,0.476813317,8.334870415
803,0.477407848,10.12179437
674,0.400713436,5.82821388
1448,0.860879905,22.63226903
1488,0.884661118,6.349416958
1495,0.88882283,8.577117598
1294,0.769322235,5.068408784
1207,0.717598098,34.25941468
1208,0.718192628,33.95632285
1205,0.716409037,38.00548838
1213,0.721165279,44.01857861
1201,0.714030916,48.37119458
1203,0.715219976,47.81408871
1186,0.705112961,39.99569081
1189,0.706896552,40.74759767
1186,0.705112961,36.06770001
1158,0.688466112,47.83296723
1049,0.623662307,0.357001235
1242,0.738406659,10.50563288
1230,0.731272295,4.199668174
1198,0.712247325,14.06631539
1245,0.74019025,31.83231271
1242,0.738406659,23.13055417
1328,0.789536266,23.21013556
1380,0.820451843,29.96804544
1353,0.804399524,20.6455642
1294,0.769322235,43.67373312
1334,0.793103448,37.20314175
1335,0.793697979,35.88816362
1356,0.806183115,4.015848824
1402,0.83353151,48.26783418
1372,0.8156956,41.72693672
1344,0.799048751,36.0990006
1347,0.800832342,36.92548375
1346,0.800237812,38.58567537
1340,0.79667063,39.70680337
1348,0.801426873,41.96347248
1208,0.718192628,40.7559012
1217,0.723543401,48.0388473
1211,0.719976219,4.620044218
1202,0.714625446,38.26297042
1199,0.712841855,31.1850476
1189,0.706896552,17.200247
983,0.584423306,2.102320234
956,0.568370987,12.08894019
912,0.542211653,20.93585934
1125,0.668846611,26.12643988
1139,0.677170036,23.37536231
1190,0.707491082,21.63028989
1279,0.760404281,43.9423552
1270,0.755053508,40.95660448
1257,0.747324614,47.44880527
1068,0.634958383,34.50305772
1068,0.634958383,46.77644478
1088,0.646848989,47.09242432
946,0.562425684,29.37061541
949,0.564209275,28.9992001
944,0.561236623,28.44703218
946,0.562425684,31.13236336
946,0.562425684,35.16932378
1123,0.667657551,26.37363084
1095,0.651010702,43.34403533
1094,0.650416171,45.59718873
1215,0.72235434,41.87637921
1225,0.728299643,45.11903301
1445,0.859096314,24.07455727
1477,0.878121284,45.73489182
1478,0.878715815,44.18999184
1468,0.872770511,43.15732341
1453,0.863852556,48.64838191
1557,0.92568371,44.34332582
1530,0.909631391,28.73279519
1534,0.912009512,18.60753815
1531,0.910225922,17.34788964
1525,0.90665874,22.02775155
1510,0.897740785,15.36115427
1518,0.902497027,24.22731129
1630,0.969084423,47.39978793
1613,0.958977408,37.51770993
1647,0.979191439,39.22713687
1651,0.98156956,36.31848189
1654,0.983353151,49.22894992
1621,0.96373365,31.97951866
1371,0.81510107,21.76445304
1359,0.807966706,40.44288106
1362,0.809750297,38.17335728
1351,0.803210464,21.72068332
1295,0.769916766,37.02541467
1663,0.988703924,11.13845876
1513,0.899524376,17.25579129
1405,0.835315101,26.8808907
1398,0.831153389,26.69169023
1479,0.879310345,8.630846143
1479,0.879310345,10.28069799
1443,0.857907253,17.72270202
1416,0.841854935,45.32277837
1406,0.835909631,34.51266568
1388,0.825208086,8.886069306
1338,0.79548157,19.45323937
1098,0.652794293,25.46383278
1021,0.607015458,46.42094516
771,0.458382878,28.78855879
1358,0.807372176,49.86011428
1477,0.878121284,19.93193147
1441,0.856718193,49.45923476
1440,0.856123662,45.46019062
1441,0.856718193,44.61023245
1414,0.840665874,29.92786174
1494,0.8882283,43.81286554
1458,0.866825208,37.14730855
1475,0.876932224,49.21562264
1459,0.867419738,40.55345098
1483,0.881688466,31.79962311
1485,0.882877527,31.98473568
1449,0.861474435,17.02439443
1406,0.835909631,16.44886214
1407,0.836504162,17.53136554
1408,0.837098692,16.4839046
1425,0.847205707,44.96960964
1384,0.822829964,47.329728
1361,0.809155767,26.07753084
1359,0.807966706,26.31079765
1330,0.790725327,31.73672852
1323,0.786563615,41.40680637
1381,0.821046373,20.67825738
1384,0.822829964,45.49370595
1378,0.819262782,30.49940136
1433,0.85196195,19.79852601
1451,0.862663496,17.23061983
1427,0.848394768,16.50437035
1423,0.846016647,15.691147
1409,0.837693222,6.61349936
1370,0.81450654,33.91834181
1392,0.827586207,22.17740436
1359,0.807966706,23.67564904
1352,0.803804994,38.59313784
1205,0.716409037,22.82448593
1170,0.695600476,22.43522428
1159,0.689060642,37.62000116
1192,0.708680143,47.69749491
1005,0.597502973,2.185740086
1069,0.635552913,6.972317148
1061,0.630796671,13.86903114
1058,0.62901308,11.80866398
1145,0.680737218,11.07851082
1174,0.697978597,14.26406472
1151,0.6843044,24.06987517
1178,0.700356718,22.56501554
1184,0.7039239,8.719088563
1303,0.774673008,12.00916768
1351,0.803210464,48.26421709
1375,0.817479191,46.45440069
1374,0.816884661,48.51237584
1372,0.8156956,49.3393477
1229,0.730677765,41.49093335
1211,0.719976219,45.84023922
1236,0.734839477,48.49441097
1235,0.734244946,42.58512569
1221,0.725921522,43.82994747
1285,0.763971463,47.69976589
1644,0.977407848,4.710956279
1648,0.979785969,32.10248931
1672,0.994054697,13.3865534
1680,0.998810939,12.47527758
1677,0.997027348,30.91357819
1649,0.980380499,26.59714326
1666,0.990487515,1.515727469
1653,0.982758621,15.13017187
1610,0.957193817,1.065045014
1574,0.935790725,6.879426753
1583,0.941141498,19.18372889
1578,0.938168847,20.73902583
1580,0.939357907,23.67155102
1580,0.939357907,24.67285494
1629,0.968489893,34.98091991
1511,0.898335315,21.03924002
1504,0.894173603,26.11646887
1515,0.900713436,46.92068135
1574,0.935790725,15.59026939
1514,0.900118906,14.27045997
1521,0.904280618,9.603338559
1522,0.904875149,7.166740363
1521,0.904280618,5.983860231
1496,0.88941736,12.64332599
1499,0.891200951,9.825666252
1499,0.891200951,11.89225203
1483,0.881688466,34.17263454
1362,0.809750297,13.90320779
1465,0.87098692,47.40540958
1464,0.87039239,48.7448102
1489,0.885255648,38.46285605
1427,0.848394768,1.935139357
1430,0.850178359,2.283926698
1409,0.837693222,15.52991753
1560,0.927467301,42.92450873
1580,0.939357907,0.420908714
1491,0.886444709,19.7340937
1502,0.892984542,30.46107257
1504,0.894173603,29.21448203
1524,0.906064209,36.79618778
1456,0.865636147,33.26717022
1468,0.872770511,32.57918035
1419,0.843638526,31.69878457
1412,0.839476813,45.12701234
1394,0.828775268,31.76611215
1333,0.792508918,29.6987399
1328,0.789536266,28.16846777
1288,0.765755054,43.71541242
1319,0.784185493,7.243101428
1365,0.811533888,1.8977235
1385,0.823424495,14.7863447
1287,0.765160523,9.272777644
1272,0.756242568,1.633101286
1264,0.751486326,28.14659692
1273,0.756837099,45.01676241
1274,0.757431629,47.24279384
1244,0.739595719,48.72387725
1324,0.787158145,43.44140751
1323,0.786563615,22.20986721
1300,0.772889417,6.138711174
1221,0.725921522,29.1640866
57,0.033888228,34.37044292
13,0.007728894,12.11870801
350,0.208085612,42.00969036
204,0.121284185,45.51438887
202,0.120095125,47.71966823
163,0.096908442,36.11811472
180,0.107015458,2.337822763
178,0.105826397,1.789675648
177,0.105231867,0.201054039
157,0.09334126,48.12840345
199,0.118311534,0.806488548
215,0.127824019,9.210949248
152,0.090368609,24.75079944
190,0.112960761,34.03037222
197,0.117122473,35.38101449
238,0.141498216,28.84490416
254,0.151010702,37.14625441
247,0.146848989,49.2232367
274,0.162901308,15.25949618
273,0.162306778,2.739643075
309,0.183709869,32.77385448
380,0.225921522,26.04516768
422,0.250891795,38.95751618
441,0.262187872,43.79648836
496,0.294887039,4.529984105
485,0.288347206,2.041164971
498,0.2960761,30.27535303
539,0.320451843,27.13556791
538,0.319857313,4.552718029
582,0.346016647,43.43912389
570,0.338882283,47.84863431
568,0.337693222,46.63386826
547,0.325208086,22.9330893
564,0.335315101,36.18941848
598,0.355529132,43.76171322
588,0.349583829,40.76720784
587,0.348989298,42.20689397
677,0.402497027,3.743675919
663,0.394173603,1.492112179
727,0.432223543,9.221108094
719,0.427467301,16.99486993
720,0.428061831,28.15606904
728,0.432818074,9.646537274
730,0.434007134,12.59324872
739,0.439357907,32.13480295
738,0.438763377,31.06658698
766,0.455410226,26.04394954
771,0.458382878,48.061205
805,0.478596908,39.4919497
874,0.519619501,18.84722141
878,0.521997622,37.53909292
894,0.531510107,7.826226974
979,0.582045184,0.297597712
995,0.591557669,5.691511185
996,0.5921522,7.719229014
991,0.589179548,6.859565805
996,0.5921522,8.553685733
999,0.593935791,6.982056653
973,0.578478002,29.6893471
951,0.565398335,32.60065798
954,0.567181926,34.50350091
949,0.564209275,37.93547114
948,0.563614744,38.72704617
965,0.57372176,37.02447186
983,0.584423306,47.03819191
984,0.585017836,29.45673384
994,0.590963139,43.71229802
1027,0.61058264,41.40979487
1028,0.61117717,38.1585847
1009,0.599881094,18.1078639
1001,0.595124851,35.69441204
977,0.580856124,39.76203424
1076,0.639714625,30.98469506
1056,0.627824019,18.58454449
1078,0.640903686,42.79662362
1073,0.637931034,40.64660783
1109,0.659334126,34.64457201
1133,0.673602854,47.62043199
1124,0.668252081,11.07189512
1128,0.670630202,9.611040222
1122,0.66706302,42.05465697
1100,0.653983353,47.81656294
1097,0.652199762,49.55874261
1099,0.653388823,45.62092993
1098,0.652794293,46.83557033
1131,0.672413793,1.859583219
1129,0.671224732,0.394297289
1129,0.671224732,1.762509544
1157,0.687871581,44.11909309
1257,0.747324614,44.24622936
1365,0.811533888,19.30631437
1323,0.786563615,19.1514763
1310,0.778834721,25.09937877
1262,0.750297265,46.38789877
1260,0.749108205,41.06076253
1353,0.804399524,36.09683446
1362,0.809750297,30.69813814
1502,0.892984542,36.67694404
1503,0.893579073,36.37569192
1503,0.893579073,33.04406697
1534,0.912009512,39.19509738
1532,0.910820452,36.68469971
1630,0.969084423,36.21397444
1659,0.986325803,33.09942145