x,y2,xnorm
45,8.965019497,0.012601512
80,34.63557476,0.022402688
72,29.9823787,0.020162419
83,23.77678758,0.023242789
49,22.46669935,0.013721647
67,15.6153163,0.018762251
67,17.70957133,0.018762251
89,1.212606493,0.024922991
90,22.42676927,0.025203024
105,36.95649489,0.029403528
110,14.26147283,0.030803696
96,9.741601343,0.026883226
73,34.28359864,0.020442453
64,47.90069639,0.017922151
101,6.570074118,0.028283394
77,39.50555479,0.021562588
73,41.28307204,0.020442453
66,38.97044715,0.018482218
77,20.5717493,0.021562588
57,49.0479264,0.015961915
75,8.975880823,0.02100252
99,1.609588456,0.027723327
110,3.731050269,0.030803696
77,48.5360282,0.021562588
88,38.51493667,0.024642957
115,15.4408783,0.032203864
103,39.25817444,0.028843461
105,26.23415671,0.029403528
124,12.71974554,0.034724167
127,14.23803382,0.035564268
125,14.1943368,0.035004201
120,8.041845139,0.033604032
113,39.82452683,0.031643797
117,49.56291516,0.032763932
118,28.99567494,0.033043965
104,16.49987663,0.029123495
115,31.0420569,0.032203864
116,19.74378328,0.032483898
126,29.69303079,0.035284234
140,34.84161419,0.039204705
139,33.00300808,0.038924671
142,41.72604812,0.039764772
144,42.68161157,0.040324839
150,41.81072137,0.042005041
120,47.60135636,0.033604032
89,35.63927763,0.024922991
130,43.60082274,0.036404369
133,15.90430478,0.037244469
130,5.000636054,0.036404369
134,27.99709886,0.037524503
134,30.34553756,0.037524503
123,16.94500424,0.034444133
146,7.959319418,0.040884906
137,26.61694765,0.038364604
143,31.09277808,0.040044805
73,32.44468456,0.020442453
157,9.006918703,0.043965276
149,2.180650093,0.041725007
150,0.531642217,0.042005041
135,0.687304846,0.037804537
148,27.45557989,0.041444973
148,23.14745726,0.041444973
149,21.77349408,0.041725007
139,40.65029483,0.038924671
167,40.63945078,0.046765612
151,18.40346633,0.042285074
150,19.54265677,0.042005041
156,19.8836109,0.043685242
153,19.79065077,0.042845141
153,12.3050281,0.042845141
185,38.42935548,0.051806217
184,35.76678172,0.051526183
173,43.70979012,0.048445813
164,23.4998393,0.045925511
122,14.55170502,0.0341641
188,8.140063601,0.052646318
210,19.35797887,0.058807057
159,3.070009876,0.044525343
154,39.19874297,0.043125175
197,45.29312022,0.05516662
194,42.31704866,0.054326519
363,11.42700484,0.101652198
311,25.37893689,0.087090451
183,10.49429274,0.05124615
222,40.11483686,0.06216746
238,14.83266809,0.066647998
217,14.89261881,0.060767292
219,15.3948292,0.061327359
218,13.24872618,0.061047326
166,40.77667541,0.046485578
167,37.38260645,0.046765612
164,43.09163455,0.045925511
170,48.13050146,0.047605713
218,28.45698403,0.061047326
240,23.80698575,0.067208065
168,44.79337957,0.047045645
119,2.56690119,0.033323999
269,31.49313982,0.075329039
181,1.402080125,0.050686082
163,32.24770326,0.045645477
268,10.09152312,0.075049006
233,23.21822882,0.06524783
230,36.75801769,0.064407729
217,45.82740378,0.060767292
179,23.19013696,0.050126015
186,46.98081444,0.05208625
228,20.839649,0.063847662
163,6.259428682,0.045645477
161,26.50752553,0.04508541
180,38.23576754,0.050406049
175,28.5134541,0.049005881
133,40.95764999,0.037244469
268,2.551682717,0.075049006
266,8.099984777,0.074488939
271,35.53598881,0.075889107
275,25.63027137,0.077009241
279,19.58191439,0.078129376
277,22.98117941,0.077569308
144,36.25244182,0.040324839
162,20.59797333,0.045365444
161,18.88761519,0.04508541
162,30.26850671,0.045365444
212,10.016317,0.059367124
194,11.22994567,0.054326519
256,8.510933803,0.071688603
265,2.870505797,0.074208905
260,20.75939457,0.072808737
271,32.08557353,0.075889107
277,42.3004666,0.077569308
154,29.74697472,0.043125175
215,30.28343333,0.060207225
232,27.25633356,0.064967796
283,17.52873022,0.07924951
271,23.51108092,0.075889107
258,23.5507316,0.07224867
226,39.35699402,0.063287595
186,34.69546675,0.05208625
271,42.41596029,0.075889107
269,45.52843821,0.075329039
257,48.2314598,0.071968636
257,50.20748283,0.071968636
183,50.04782994,0.05124615
256,4.659864027,0.071688603
208,13.48949091,0.05824699
267,34.68979004,0.074768972
225,42.76781895,0.063007561
233,2.341648562,0.06524783
286,16.73618419,0.080089611
309,2.197759002,0.086530384
312,4.645355635,0.087370484
308,0.800624257,0.08625035
319,9.213031584,0.08933072
316,4.806266002,0.088490619
306,12.60077418,0.085690283
302,9.220483305,0.084570148
322,33.85651374,0.09017082
319,35.32695208,0.08933072
314,39.45361132,0.087930552
273,12.49722804,0.076449174
274,34.4127941,0.076729208
360,34.46627618,0.100812097
366,21.76048562,0.102492299
357,49.74323443,0.099971997
365,17.25177818,0.102212265
314,17.19196428,0.087930552
373,45.55413041,0.104452534
347,43.90342847,0.097171661
380,15.07216622,0.10641277
332,48.48891103,0.092971157
371,34.95130313,0.103892467
370,31.50306985,0.103612433
388,35.25731183,0.108653038
392,21.55699745,0.109773173
391,14.71459694,0.109493139
386,39.49660978,0.108092971
362,38.78570154,0.101372165
365,2.065245389,0.102212265
358,2.655337179,0.10025203
390,1.865234337,0.109213106
391,7.567297527,0.109493139
396,15.00738749,0.110893307
378,34.49193541,0.105852702
376,16.96691825,0.105292635
363,34.78325461,0.101652198
412,35.17962204,0.115373845
407,4.325877359,0.113973677
413,6.565040065,0.115653878
428,24.40605418,0.119854383
407,35.93061043,0.113973677
386,25.50607265,0.108092971
384,30.53816465,0.107532904
424,44.2097959,0.118734248
424,35.29134997,0.118734248
411,46.82932111,0.115093811
452,9.582546584,0.126575189
450,10.15780531,0.126015122
421,32.74600286,0.117894147
359,6.650186425,0.100532064
451,37.64852437,0.126295155
470,41.43929792,0.131615794
474,46.72295727,0.132735928
462,28.04665286,0.129375525
464,26.00220393,0.129935592
468,11.64279798,0.131055727
446,25.03655299,0.124894987
461,1.506789546,0.129095491
460,4.007440003,0.128815458
465,21.72607337,0.130215626
464,6.266790157,0.129935592
421,15.89186086,0.117894147
495,46.2696965,0.138616634
476,42.60525251,0.133295996
506,43.02770938,0.141697004
505,40.89713802,0.14141697
517,49.80010351,0.144777373
487,32.42897178,0.136376365
484,10.2091356,0.135536264
504,37.97431517,0.141136936
485,33.40571336,0.135816298
485,31.06685323,0.135816298
457,22.20571126,0.127975357
474,32.05506092,0.132735928
466,16.64081373,0.130495659
494,1.295606187,0.1383366
505,9.049106726,0.14141697
543,16.59913387,0.152058247
541,29.06916184,0.15149818
436,47.85153469,0.122094651
506,20.48689634,0.141697004
514,21.29683399,0.143937272
516,10.76505237,0.14449734
513,15.36867377,0.143657239
526,38.56243154,0.147297676
517,48.21992885,0.144777373
512,42.44366049,0.143377205
493,16.04287977,0.138056567
551,2.679893231,0.154298516
544,6.77013322,0.152338281
540,20.58833778,0.151218146
540,22.36160299,0.151218146
537,20.73879624,0.150378045
528,32.48480734,0.147857743
558,35.5211094,0.156258751
557,41.94949605,0.155978717
554,39.89547504,0.155138617
556,46.10436554,0.155698684
510,7.103312868,0.142817138
571,24.1217463,0.159899188
566,22.835519,0.15849902
565,17.04597523,0.158218986
565,28.95405699,0.158218986
527,23.22302226,0.147577709
566,0.300039297,0.15849902
576,8.160680216,0.161299356
569,10.04129343,0.159339121
556,12.09961084,0.155698684
551,17.49967271,0.154298516
503,5.532147647,0.140856903
568,39.0497231,0.159059087
515,31.83791923,0.144217306
526,13.47782627,0.147297676
534,48.25899053,0.149537945
573,28.39868097,0.160459255
580,30.54535445,0.16241949
569,28.40417387,0.159339121
518,15.53036183,0.145057407
620,11.03174017,0.173620835
611,20.31617762,0.171100532
603,12.63759214,0.168860263
606,7.301082505,0.169700364
601,15.97303474,0.168300196
599,17.48429753,0.167740129
596,39.23254648,0.166900028
584,46.65277473,0.163539625
573,50.25404895,0.160459255
579,50.01008638,0.162139457
576,40.16691259,0.161299356
535,33.13686391,0.149817978
556,3.880509617,0.155698684
578,7.507060539,0.161859423
533,12.29057808,0.149257911
532,35.23963475,0.148977877
600,28.18674643,0.168020162
603,21.6251385,0.168860263
615,43.98926064,0.172220666
636,44.61641234,0.178101372
627,36.74530671,0.17558107
626,32.16752096,0.175301036
627,12.42384565,0.17558107
617,28.18944731,0.172780734
610,32.40155011,0.170820498
596,3.249129851,0.166900028
623,5.233419418,0.174460935
644,27.91831741,0.180341641
649,8.445864969,0.181741809
656,10.27696905,0.183702044
661,17.44529871,0.185102212
660,11.45568097,0.184822179
670,17.33424735,0.187622515
655,19.45147871,0.183422011
636,35.39053314,0.178101372
630,42.66585722,0.176421171
621,47.80272558,0.173900868
567,22.31065559,0.158779053
562,31.27575232,0.157378885
550,45.6716728,0.154018482
562,10.4632962,0.157378885
703,42.94689717,0.196863624
694,31.05770949,0.194343321
702,25.64534958,0.19658359
703,16.64128944,0.196863624
702,14.20881361,0.19658359
675,9.32681291,0.189022683
704,32.2570415,0.197143657
711,30.93012838,0.199103892
723,40.50462221,0.202464296
715,22.17383774,0.200224027
725,29.27814999,0.203024363
716,28.91426866,0.20050406
709,9.942577011,0.198543825
708,15.04751622,0.198263792
710,12.67078481,0.198823859
693,42.94038293,0.194063288
697,44.48920311,0.195183422
588,42.59958069,0.164659759
600,47.28446337,0.168020162
526,0.930328499,0.147297676
594,10.66670662,0.166339961
666,6.627243984,0.18650238
641,19.11133202,0.17950154
650,26.7303566,0.182021843
675,11.06758516,0.189022683
691,20.22548127,0.19350322
681,42.47492013,0.190702884
654,37.86323049,0.183141977
630,1.517956868,0.176421171
629,9.547735129,0.176141137
698,33.69132004,0.195463456
694,32.95426907,0.194343321
694,35.96816665,0.194343321
638,34.5165424,0.178661439
672,36.08935562,0.188182582
703,0.492235451,0.196863624
696,11.07349337,0.194903388
689,5.60430506,0.192943153
710,12.96573536,0.198823859
709,37.53146965,0.198543825
721,40.24424949,0.201904229
708,20.11628688,0.198263792
756,15.18498621,0.211705405
752,39.60546506,0.21058527
738,32.28264534,0.2066648
731,44.45368602,0.204704565
755,45.66339426,0.211425371
748,35.13050784,0.209465136
756,21.13615115,0.211705405
744,49.95314716,0.208345001
758,1.244127791,0.212265472
755,16.52330663,0.211425371
765,8.286527536,0.214225707
728,47.34753166,0.203864464
735,34.47315474,0.205824699
759,11.66701711,0.212545505
764,4.530346152,0.213945673
712,4.886609982,0.199383926
748,3.466107905,0.209465136
670,19.68318163,0.187622515
698,1.306702544,0.195463456
770,16.48053171,0.215625875
773,2.249380843,0.216465976
770,1.780699078,0.215625875
777,43.25969291,0.21758611
762,28.48292687,0.213385606
770,17.42538034,0.215625875
774,9.020476958,0.21674601
775,38.63755189,0.217026043
767,41.60791603,0.214785774
732,21.83140072,0.204984598
765,37.08118068,0.214225707
773,35.19850824,0.216465976
766,49.05745538,0.214505741
763,36.51448526,0.21366564
778,45.36648271,0.217866144
781,31.01182413,0.218706245
776,27.97829449,0.217306077
775,25.20075096,0.217026043
774,28.14637615,0.21674601
782,37.87805544,0.218986278
777,18.34331437,0.21758611
773,25.86021605,0.216465976
741,3.145354881,0.207504901
761,36.46709756,0.213105573
766,22.2707337,0.214505741
774,14.15907194,0.21674601
789,8.850376436,0.220946514
787,8.758934197,0.220386446
791,25.72307465,0.221506581
789,23.20604217,0.220946514
787,23.23847701,0.220386446
789,15.67095506,0.220946514
781,3.202815035,0.218706245
799,28.80807969,0.22374685
801,39.66043436,0.224306917
783,45.95060502,0.219266312
786,42.20777814,0.220106413
788,6.986868322,0.22066648
788,0.891408815,0.22066648
790,2.861400786,0.221226547
776,5.664354275,0.217306077
767,25.56433307,0.214785774
761,16.13768919,0.213105573
772,24.4870058,0.216185942
777,25.07812591,0.21758611
774,16.96211711,0.21674601
752,13.12339946,0.21058527
740,37.22725456,0.207224867
755,49.05674674,0.211425371
807,11.62127006,0.225987118
799,19.60002051,0.22374685
806,25.65852846,0.225707085
811,15.16821906,0.227107253
808,40.8087456,0.226267152
824,48.40763369,0.23074769
808,30.94984952,0.226267152
808,29.76130452,0.226267152
792,9.898353814,0.221786614
800,22.04054298,0.224026883
817,46.12247639,0.228787454
816,40.54790443,0.228507421
818,33.81485158,0.229067488
815,37.11365231,0.228227387
811,34.62858437,0.227107253
810,26.51723205,0.226827219
822,28.71402566,0.230187623
806,34.40298742,0.225707085
815,49.28808733,0.228227387
821,46.60632578,0.229907589
812,9.944439381,0.227387286
807,16.9369657,0.225987118
795,31.2628027,0.222626715
830,19.18971097,0.232427891
830,22.72003831,0.232427891
830,32.44460963,0.232427891
833,42.94093943,0.233267992
822,7.230432541,0.230187623
820,1.124068053,0.229627555
834,7.033323156,0.233548026
832,15.51313147,0.232987959
836,16.20920383,0.234108093
715,25.64195983,0.200224027
714,32.58520361,0.199943993
693,42.25044948,0.194063288
810,3.435811529,0.226827219
806,2.514290808,0.225707085
845,20.77997405,0.236628395
834,21.93056146,0.233548026
842,3.221537247,0.235788295
854,7.013400689,0.239148698
856,15.19494156,0.239708765
846,21.88748066,0.236908429
869,34.95537944,0.243349202
874,34.73544278,0.24474937
865,34.60630963,0.242229067
877,27.80802911,0.245589471
890,42.29802009,0.249229908
900,39.04019891,0.252030244
890,44.5023378,0.249229908
887,43.7723172,0.248389807
885,44.30506505,0.24782974
884,12.47986471,0.247549706
880,7.624535684,0.246429572
876,14.66403887,0.245309437
872,11.6037938,0.244189303
901,2.596222984,0.252310277
897,5.70181803,0.251190143
898,28.28162395,0.251470176
863,23.22603457,0.241669
863,11.02772963,0.241669
862,48.95615342,0.241388967
914,10.53853108,0.255950714
916,35.70567098,0.256510781
920,39.14594758,0.257630916
934,25.53749693,0.261551386
934,48.91865919,0.261551386
911,33.47995028,0.255110613
885,9.608125992,0.24782974
858,29.7393639,0.240268832
859,17.83826277,0.240548866
951,13.18668399,0.266311957
936,6.376187054,0.262111453
948,4.256675817,0.265471857
967,34.20845556,0.270792495
965,26.26662221,0.270232428
940,4.868392248,0.263231588
948,19.43420674,0.265471857
920,15.28061332,0.257630916
925,3.39671553,0.259031084
967,29.26717795,0.270792495
967,41.1400317,0.270792495
960,42.74394621,0.26883226
947,31.11919717,0.265191823
951,15.03577356,0.266311957
969,29.19478007,0.271352562
982,15.5272624,0.274992999
971,3.176892661,0.27191263
929,18.88209843,0.260151218
994,23.81628489,0.278353402
975,11.3317396,0.273032764
987,45.30580997,0.276393167
989,33.94983321,0.276953234
980,3.085952457,0.274432932
975,1.708322847,0.273032764
947,2.605167713,0.265191823
957,10.06370116,0.267992159
985,16.63307746,0.2758331
999,44.32422039,0.27975357
1000,35.84632042,0.280033604
935,48.69269711,0.26183142
994,24.38849388,0.278353402
1006,25.02686592,0.281713806
991,12.14742555,0.277513302
991,19.46473506,0.277513302
984,33.12630396,0.275553066
999,47.61421342,0.27975357
1007,48.87949282,0.281993839
1003,33.45596642,0.280873705
973,30.65161899,0.272472697
975,36.91669439,0.273032764
1059,32.21289183,0.296555587
1057,32.49591117,0.295995519
1053,28.16037461,0.294875385
1039,10.40307973,0.290954915
1037,7.808054082,0.290394847
1031,7.71821021,0.288714646
1055,47.44275639,0.295435452
1041,39.87089211,0.291514982
1021,27.14895265,0.28591431
1020,25.32549954,0.285634276
1033,30.00475555,0.289274713
1025,36.01532661,0.287034444
1039,7.734944938,0.290954915
977,4.857004136,0.273592831
1002,47.59334565,0.280593671
912,39.05022517,0.255390647
904,31.98612121,0.253150378
917,15.18173364,0.256790815
944,8.282231403,0.264351722
954,2.193494296,0.267152058
960,23.13695009,0.26883226
1052,36.09716048,0.294595351
1051,49.44270121,0.294315318
1052,10.3694661,0.294595351
1040,36.57999033,0.291234948
1039,22.86274353,0.290954915
1030,34.21952423,0.288434612
1025,48.15097223,0.287034444
1010,18.18991317,0.28283394
1014,22.26221357,0.283954074
1012,8.605857474,0.283394007
1082,31.72145206,0.30299636
1085,32.90645395,0.30383646
1076,44.73592509,0.301316158
1099,4.421494176,0.307756931
1110,33.94762831,0.3108373
1104,16.35886263,0.309157099
1086,30.90521614,0.304116494
1085,5.551705379,0.30383646
1078,5.991376078,0.301876225
1073,6.891985521,0.300476057
1070,11.97314867,0.299635956
1049,44.77940873,0.293755251
1040,44.44888836,0.291234948
1038,43.09999211,0.290674881
1103,24.03979505,0.308877065
1081,47.08073543,0.302716326
1067,48.09344145,0.298795856
1076,33.54311513,0.301316158
1086,2.475065574,0.304116494
1059,5.032805172,0.296555587
1064,16.63350872,0.297955755
1051,4.170747946,0.294315318
1008,8.754041685,0.282273873
952,1.285580215,0.266591991
938,0.100171989,0.262671521
950,3.706666352,0.266031924
1127,35.03987539,0.315597872
1128,28.22399877,0.315877905
1127,22.86960064,0.315597872
1118,7.986070954,0.313077569
1117,1.932474664,0.312797536
1107,14.6042703,0.3099972
1115,44.00072092,0.312237468
1112,5.202646889,0.311397368
1123,1.672156976,0.314477737
1121,0.367464166,0.31391767
1106,5.389202948,0.309717166
1144,7.705532708,0.320358443
1141,0.795462976,0.319518342
1126,19.24957686,0.315317838
1132,19.18221126,0.31699804
1141,47.13068018,0.319518342
1158,40.51588204,0.324278913
1149,32.53923006,0.321758611
1128,38.0186518,0.315877905
1115,32.76122083,0.312237468
1172,36.16579676,0.328199384
1170,29.26729377,0.327639317
1164,41.47797889,0.325959115
1172,42.50243261,0.328199384
1177,24.13820065,0.329599552
1171,13.52139873,0.32791935
1160,3.848075242,0.324838981
1187,39.03804923,0.332399888
1165,18.63685314,0.326239149
1166,15.33471955,0.326519182
1147,21.6661442,0.321198544
1147,39.82773764,0.321198544
1196,34.88559739,0.33492019
1207,5.981428103,0.33800056
1212,0.307700686,0.339400728
1203,47.50275602,0.336880426
1182,30.89161022,0.33099972
1163,22.20871358,0.325679081
1166,9.44289256,0.326519182
1158,0.246446888,0.324278913
1150,15.02852437,0.322038645
1146,22.76127723,0.32091851
1145,10.71553927,0.320638477
1146,13.37720284,0.32091851
1149,3.267419689,0.321758611
1149,1.870330571,0.321758611
1099,4.334906981,0.307756931
1097,16.68159993,0.307196864
1118,11.41259296,0.313077569
1122,46.23677458,0.314197704
1134,44.16562255,0.317558107
1227,26.39827846,0.343601232
1228,43.20232539,0.343881266
1190,15.95270289,0.333239989
1229,36.62390583,0.344161299
1191,33.34815682,0.333520022
1196,39.72567107,0.33492019
1211,21.79178188,0.339120694
1215,37.80522072,0.340240829
1210,46.10911627,0.338840661
1227,0.925842311,0.343601232
1236,7.26854653,0.346121535
1227,5.063638357,0.343601232
1246,35.24195109,0.348921871
1239,34.55081184,0.346961635
1234,25.4640409,0.345561467
1261,15.16927546,0.353122375
1265,1.857490177,0.354242509
1273,44.81043517,0.356482778
1238,20.45370096,0.346681602
1238,8.574033001,0.346681602
1236,15.82492214,0.346121535
1277,34.72873315,0.357602912
1276,44.0804309,0.357322879
1284,28.21263711,0.359563148
1305,17.69726271,0.365443853
1309,23.16885018,0.366563988
1307,30.38048301,0.36600392
1297,9.149362478,0.363203584
1302,11.4921236,0.364603752
1305,19.28599928,0.365443853
1293,22.05957067,0.36208345
1208,39.7955472,0.338280594
1203,41.6177116,0.336880426
1202,43.48580811,0.336600392
1198,49.15804188,0.335480258
1251,24.67496856,0.350322039
1254,24.67690292,0.351162139
1222,40.58802912,0.342201064
1218,41.72610021,0.34108093
1195,15.73762419,0.334640157
1288,21.05612124,0.360683282
1290,7.590358767,0.361243349
1288,17.23624231,0.360683282
1302,40.58499014,0.364603752
1301,28.17889448,0.364323719
1283,0.238661593,0.359283114
1283,19.20971588,0.359283114
1307,35.87150784,0.36600392
1294,38.23502642,0.362363484
1295,42.99986272,0.362643517
1297,15.34747984,0.363203584
1284,43.29168506,0.359563148
1294,39.60556452,0.362363484
1297,10.47293525,0.363203584
1300,7.857012834,0.364043685
1249,46.71007164,0.349761971
1211,26.7513912,0.339120694
1256,32.06544987,0.351722207
1266,30.55891568,0.354522543
1268,30.43148173,0.35508261
1345,34.05505281,0.376645197
1341,33.62631971,0.375525063
1329,35.05410076,0.37216466
1330,15.91506189,0.372444693
1335,16.05047705,0.373844861
1330,1.321558872,0.372444693
1348,26.24408916,0.377485298
1316,45.68868384,0.368524223
1319,40.94306589,0.369364324
1325,48.49859169,0.371044525
1307,38.13644403,0.36600392
1327,2.675825943,0.371604593
1332,12.06008682,0.373004761
1355,28.07658914,0.379445533
1352,34.9259175,0.378605433
1355,45.74344138,0.379445533
1350,45.62998724,0.378045365
1373,5.005551986,0.384486138
1383,21.96561906,0.387286474
1391,14.47475649,0.389526743
1398,19.23013668,0.391486978
1381,23.2553619,0.386726407
1376,44.87129059,0.385326239
1362,40.3841938,0.381405769
1372,25.2511516,0.384206105
1357,12.70073111,0.380005601
1339,16.42744661,0.374964996
1334,24.82625397,0.373564828
1317,25.56884822,0.368804257
1318,28.71904582,0.36908429
1317,36.46041686,0.368804257
1320,22.59031946,0.369644357
1315,30.93486327,0.368244189
1253,9.460729438,0.350882106
1329,38.24801692,0.37216466
1320,8.455780888,0.369644357
1307,1.593507371,0.36600392
1313,15.6972717,0.367684122
1181,4.671319344,0.330719686
1180,7.800500531,0.330439653
1183,8.829661964,0.331279754
1181,12.90832551,0.330719686
1398,19.72141151,0.391486978
1396,21.42310859,0.390926911
1393,14.26470228,0.39008681
1395,15.30831008,0.390646878
1389,35.22470381,0.388966676
1388,41.19310539,0.388686642
1386,40.29920739,0.388126575
1383,48.32757554,0.387286474
1373,37.33442401,0.384486138
1351,22.06027983,0.378325399
1339,24.9653299,0.374964996
1335,43.31355034,0.373844861
1342,49.21779835,0.375805097
1339,40.75916236,0.374964996
1407,3.265167793,0.394007281
1384,1.88145013,0.387566508
1380,1.919921092,0.386446374
1401,24.6399644,0.392327079
1392,49.10459815,0.389806777
1390,42.76475376,0.38924671
1383,10.99493784,0.387286474
1370,4.812520543,0.383646038
1437,44.59159426,0.402408289
1438,36.50368756,0.402688323
1430,35.27046034,0.400448054
1425,36.70548767,0.399047886
1424,45.78933971,0.398767852
1457,44.11596254,0.408008961
1421,38.44332623,0.397927751
1418,38.33801757,0.397087651
1414,8.219133835,0.395967516
1443,43.25871497,0.404088491
1447,2.66836683,0.405208625
1469,22.72553153,0.411369364
1426,32.37004773,0.399327919
1432,0.735887154,0.401008121
1412,26.77757932,0.395407449
1431,9.981816885,0.400728087
1489,6.629992848,0.416970036
1481,10.57752655,0.414729768
1494,15.24682325,0.418370204
1489,20.33340056,0.416970036
1484,25.78480688,0.415569868
1489,30.04073325,0.416970036
1439,33.21632958,0.402968356
1427,14.66683953,0.399607953
1423,10.77894586,0.398487819
1455,20.40274113,0.407448894
1464,30.92440829,0.409969196
1461,13.94343964,0.409129095
1447,14.30168775,0.405208625
1448,16.99239474,0.405488659
1426,10.82781991,0.399327919
1474,48.8453535,0.412769532
1468,47.43475471,0.411089331
1461,39.684458,0.409129095
1460,33.80273651,0.408849062
1457,34.85657213,0.408008961
1456,33.40343258,0.407728927
1474,36.69749784,0.412769532
1488,33.05687758,0.416690003
1448,29.09488457,0.405488659
1450,36.43325873,0.406048726
1482,41.08469932,0.415009801
1474,36.72962449,0.412769532
1489,41.33753615,0.416970036
1476,13.55571165,0.4133296
1470,14.53722084,0.411649398
1503,25.39579254,0.420890507
1517,31.57305722,0.424810977
1516,28.31487456,0.424530944
1528,18.9957297,0.427891347
1524,19.95017802,0.426771213
1511,42.33094734,0.423130776
1494,36.72014945,0.418370204
1505,38.84373496,0.421450574
1503,33.50108372,0.420890507
1505,48.87960757,0.421450574
1504,46.03125284,0.42117054
1506,44.44379204,0.421730608
1506,42.53779772,0.421730608
1524,38.15735166,0.426771213
1518,40.22306843,0.425091011
1519,42.56875925,0.425371045
1517,45.88482494,0.424810977
1530,33.21640992,0.428451414
1529,38.23185667,0.428171381
1527,41.53418773,0.427611313
1532,46.28775972,0.429011481
1536,4.541946228,0.430131616
1536,3.25341358,0.430131616
1536,0.890204794,0.430131616
1533,3.689119125,0.429291515
1548,4.494472665,0.433492019
1546,6.270121882,0.432931952
1552,9.769394657,0.434612153
1498,5.95361789,0.419490339
1513,13.1142891,0.423690843
1517,35.01432963,0.424810977
1506,33.79067514,0.421730608
1493,41.38603841,0.418090171
1491,45.03791162,0.417530104
1528,3.049103574,0.427891347
1529,11.48378128,0.428171381
1471,18.81670979,0.411929432
1472,25.30564956,0.412209465
1523,11.70731559,0.426491179
1514,10.44510071,0.423970877
1500,19.23277389,0.420050406
1502,26.25619575,0.420610473
1530,47.96752253,0.428451414
1534,47.11565457,0.429571549
1519,25.90770677,0.425371045
1519,28.60959287,0.425371045
1522,10.77249721,0.426211145
1543,22.92469282,0.432091851
1542,20.64349704,0.431811817
1539,21.02117363,0.430971717
1543,19.08712252,0.432091851
1541,12.62367257,0.431531784
1541,9.739914493,0.431531784
1551,8.576687989,0.43433212
1548,12.9938389,0.433492019
1548,15.92164672,0.433492019
1551,22.25852169,0.43433212
1549,28.02054127,0.433772053
1547,19.68225511,0.433211985
1544,19.76721918,0.432371885
1535,11.19147311,0.429851582
1533,12.55893886,0.429291515
1532,13.97713982,0.429011481
1545,47.6016271,0.432651918
1541,49.89698688,0.431531784
1542,45.13481836,0.431811817
1515,20.89389895,0.42425091
1524,21.08342167,0.426771213
1530,22.46687312,0.428451414
1523,15.01106317,0.426491179
1539,42.8424791,0.430971717
1540,38.22910507,0.43125175
1535,30.22005774,0.429851582
1547,35.1558442,0.433211985
1548,37.68501104,0.433492019
1547,44.41206441,0.433211985
1544,45.30777283,0.432371885
1559,45.65690776,0.436572389
1556,31.02232511,0.435732288
1555,33.04635012,0.435452254
1560,32.90866931,0.436852422
1552,23.91990974,0.434612153
1554,35.8897372,0.435172221
1540,31.5735541,0.43125175
1543,36.75652214,0.432091851
1553,44.9582473,0.434892187
1550,47.31246869,0.434052086
1556,39.53947306,0.435732288
1511,34.99426093,0.423130776
1540,25.32419928,0.43125175
1552,18.09665186,0.434612153
1565,40.64722802,0.43825259
1568,37.46435708,0.439092691
1565,33.70681014,0.43825259
1570,28.19589235,0.439652758
1569,30.46476335,0.439372725
1573,27.74491976,0.440492859
1571,15.67191209,0.439932792
1566,10.96641186,0.438532624
1539,49.26800964,0.430971717
1551,50.99313241,0.43433212
1558,38.94472117,0.436292355
1581,47.91952633,0.442733128
1578,44.9761441,0.441893027
1586,44.31339723,0.444133296
1587,36.76859516,0.44441333
1583,34.42586408,0.443293195
1576,36.4393059,0.44133296
1584,14.24656709,0.443573229
1578,10.36179703,0.441893027
1599,20.48704839,0.447773733
1589,19.77737035,0.444973397
1592,31.56873487,0.445813498
1589,26.47483047,0.444973397
1585,27.55753353,0.443853262
1585,25.88746166,0.443853262
1596,41.96719562,0.446933632
1600,42.98859095,0.448053766
1597,39.65155136,0.447213666
1597,36.5079484,0.447213666
1617,43.22533052,0.452814338
1609,46.7257301,0.450574069
1611,47.64980127,0.451134136
1576,42.74988672,0.44133296
1579,47.06489773,0.442173061
1575,48.22299625,0.441052926
1566,47.06077046,0.438532624
1561,44.74393601,0.437132456
1552,30.85461668,0.434612153
1566,38.4971267,0.438532624
1572,29.12540819,0.440212826
1569,26.01443674,0.439372725
1572,19.95073027,0.440212826
1571,23.35789036,0.439932792
1577,2.500759546,0.441612994
1576,5.747879487,0.44133296
1574,6.340888953,0.440772893
1575,4.323907699,0.441052926
1596,7.631803956,0.446933632
1592,8.587614224,0.445813498
1593,15.25359957,0.446093531
1591,17.04257187,0.445533464
1586,18.61834352,0.444133296
1582,23.66195716,0.443013162
1592,24.93165027,0.445813498
1599,14.16890042,0.447773733
1596,15.62715656,0.446933632
1595,13.68067652,0.446653598
1590,9.907121144,0.44525343
1585,9.833186963,0.443853262
1594,5.642524431,0.446373565
1601,40.91027448,0.4483338
1602,45.69139939,0.448613834
1594,44.76008487,0.446373565
1586,48.5008054,0.444133296
1580,13.13164859,0.442453094
1581,8.959300974,0.442733128
1594,7.111373447,0.446373565
1587,7.926687045,0.44441333
1561,0.246292203,0.437132456
1557,2.513194961,0.436012321
1558,1.033000855,0.436292355
1545,8.169943028,0.432651918
1536,1.164901391,0.430131616
1553,11.07466157,0.434892187
1597,39.77263339,0.447213666
1586,32.70802208,0.444133296
1604,17.71137669,0.449173901
1602,11.36784418,0.448613834
1605,13.77983583,0.449453934
1609,7.318380258,0.450574069
1614,38.52799578,0.451974237
1612,21.58192859,0.45141417
1628,27.96795995,0.455894707
1638,47.5433014,0.458695043
1635,23.4012971,0.457854943
1635,14.42032653,0.457854943
1632,6.786897056,0.457014842
1621,9.966928079,0.453934472
1630,43.02991785,0.456454775
1635,32.54556058,0.457854943
1656,27.70597735,0.463735648
1645,32.9314468,0.460655279
1644,37.84258922,0.460375245
1655,30.27675573,0.463455615
1660,22.38713487,0.464855783
1660,15.14164842,0.464855783
1649,6.820883003,0.461775413
1621,6.722681381,0.453934472
1623,0.707867605,0.454494539
1623,6.279502407,0.454494539
1619,10.48923971,0.453374405
1624,17.96712705,0.454774573
1609,17.69319592,0.450574069
1649,46.6452131,0.461775413
1647,22.73151092,0.461215346
1654,23.52377121,0.463175581
1650,36.08984873,0.462055447
1651,41.43616446,0.46233548
1646,41.79075691,0.460935312
1664,43.74516207,0.465975917
1650,30.15302814,0.462055447
1634,23.45596035,0.457574909
1652,11.63252528,0.462615514
1625,22.89549095,0.455054607
1640,4.224850891,0.459255111
1636,3.752070559,0.458134976
1661,1.732878459,0.465135816
1667,5.639612543,0.466816018
1628,19.84426786,0.455894707
1627,47.86517593,0.455614674
1626,0.768427686,0.45533464
1647,18.89318001,0.461215346
1638,38.65278022,0.458695043
1621,38.41958361,0.453934472
1637,13.80390844,0.45841501
1658,2.133328007,0.464295715
1683,28.76660453,0.471296556
1678,43.36610562,0.469896388
1672,33.59579591,0.468216186
1680,20.98544827,0.470456455
1696,11.53116408,0.474936992
1687,7.085380296,0.47241669
1671,3.716629044,0.467936152
1676,23.0004543,0.46933632
1661,16.1979817,0.465135816
1720,7.549235179,0.481657799
1725,20.19560198,0.483057967
1700,0.443368622,0.476057127
1666,33.85933571,0.466535984
1668,24.24179263,0.467096052
1665,22.446328,0.466255951
1682,33.40749048,0.471016522
1669,42.65511189,0.467376085
1679,26.47747002,0.470176421
1675,30.63436325,0.469056287
1611,1.213156959,0.451134136
1600,13.53462896,0.448053766
1626,16.17117706,0.45533464
1601,45.45673879,0.4483338
1592,38.55110157,0.445813498
1622,49.00844861,0.454214506
1614,50.00144141,0.451974237
1608,19.60366376,0.450294035
1636,43.19350619,0.458134976
1653,41.21720236,0.462895547
1665,48.91278714,0.466255951
1659,46.05950243,0.464575749
1650,48.68961205,0.462055447
1657,39.48745924,0.464015682
1646,38.86141299,0.460935312
1642,48.36244538,0.459815178
1673,25.02476897,0.46849622
1672,28.19779159,0.468216186
1670,28.13625607,0.467656119
1676,1.961184605,0.46933632
1676,9.178428589,0.46933632
1682,6.282467696,0.471016522
1658,5.74410012,0.464295715
1640,9.917599783,0.459255111
1639,44.71112862,0.458975077
1623,34.48577248,0.454494539
1612,26.79949582,0.45141417
1604,32.0423655,0.449173901
1614,45.20369506,0.451974237
1590,20.41962983,0.44525343
1610,43.45862268,0.450854102
1679,4.137465911,0.470176421
1669,2.51467829,0.467376085
1666,10.22680044,0.466535984
1674,10.19748328,0.468776253
1662,4.161754398,0.46541585
1669,48.327495,0.467376085
1676,44.04614462,0.46933632
1677,37.09088825,0.469616354
1672,31.06305154,0.468216186
1664,40.3334647,0.465975917
1664,33.27632642,0.465975917
1666,30.87910006,0.466535984
1667,42.59093316,0.466816018
1681,42.65287621,0.470736488
1685,24.23330386,0.471856623
1687,31.95788025,0.47241669
1683,19.1725789,0.471296556
1682,50.77293835,0.471016522
1669,50.80296492,0.467376085
1646,50.33541943,0.460935312
1691,39.86160039,0.473536824
1686,34.84346032,0.472136656
1691,32.40131455,0.473536824
1693,0.712963078,0.474096892
1691,8.603062031,0.473536824
1691,16.08757067,0.473536824
1664,29.70359247,0.465975917
1717,40.11643061,0.480817698
1714,35.61189709,0.479977597
1710,36.79120726,0.478857463
1705,33.03240877,0.477457295
1704,48.25204158,0.477177261
1721,48.25697059,0.481937833
1724,45.25694256,0.482777933
1731,44.1438582,0.484738169
1695,36.15682368,0.474656959
1698,35.31454835,0.47549706
1712,21.95330403,0.47941753
1695,21.80095922,0.474656959
1696,28.44209757,0.474936992
1697,37.62841379,0.475217026
1699,8.519250324,0.475777093
1697,48.89903597,0.475217026
1696,44.00461337,0.474936992
1718,10.98322728,0.481097732
1724,14.18168291,0.482777933
1715,25.8278175,0.480257631
1728,6.317638112,0.483898068
1708,10.1677468,0.478297396
1713,31.20812531,0.479697564
1701,33.20266185,0.47633716
1704,34.70083017,0.477177261
1705,33.15761847,0.477457295
1726,42.91556551,0.483338001
1728,44.4328674,0.483898068
1727,40.56099399,0.483618034
1708,40.9388922,0.478297396
1738,5.986491258,0.486698404
1744,10.55027204,0.488378605
1743,4.377932538,0.488098572
1746,5.393878549,0.488938673
1747,4.313005542,0.489218706
1740,3.967671248,0.487258471
1743,9.031882416,0.488098572
1752,11.95570249,0.490618874
1743,20.70702187,0.488098572
1747,32.92727376,0.489218706
1751,41.60244015,0.490338841
1740,37.81395608,0.487258471
1731,24.56169955,0.484738169
1723,28.24141441,0.4824979
1736,44.37522354,0.486138337
1727,48.4892034,0.483618034
1724,3.096630883,0.482777933
1723,46.92522048,0.4824979
1740,17.56369972,0.487258471
1737,22.91744505,0.48641837
1736,2.548327447,0.486138337
1701,25.00914863,0.47633716
1698,6.011667399,0.47549706
1685,24.66322089,0.471856623
1689,38.01407069,0.472976757
1725,19.56997175,0.483057967
1720,18.58167604,0.481657799
1743,39.1988831,0.488098572
1753,44.11544054,0.490898908
1757,42.02443292,0.492019042
1754,40.54574944,0.491178941
1753,32.08898459,0.490898908
1759,33.91494215,0.492579109
1748,21.4861259,0.48949874
1749,11.01254667,0.489778773
1751,17.38157329,0.490338841
1751,20.51012709,0.490338841
1765,27.35418193,0.494259311
1765,30.68152746,0.494259311
1764,42.90471547,0.493979278
1771,48.41880068,0.495939513
1782,9.846176814,0.499019882
1766,4.78311864,0.494539345
1763,5.117347548,0.493699244
1763,13.88622293,0.493699244
1770,6.569653076,0.495659479
1775,4.291156815,0.497059647
1793,5.302366742,0.502100252
1783,3.735357573,0.499299916
1781,12.64346799,0.498739849
1782,7.517254433,0.499019882
1789,12.16108057,0.500980118
1793,25.43690173,0.502100252
1784,28.58501346,0.49957995
1779,24.15697035,0.498179782
1777,27.15340344,0.497619714
1774,45.40315069,0.496779614
1772,45.8691516,0.496219546
1779,47.16525012,0.498179782
1767,27.41460608,0.494819378
1761,29.54072084,0.493139177
1760,27.08432398,0.492859143
1791,49.50928528,0.501540185
1791,45.8467414,0.501540185
1781,20.24199332,0.498739849
1782,22.00009609,0.499019882
1778,16.04246706,0.497899748
1780,13.96696767,0.498459815
1777,22.42695685,0.497619714
1764,50.52572281,0.493979278
1777,16.03166064,0.497619714
1773,23.48236626,0.49649958
1772,16.87588324,0.496219546
1771,14.31401662,0.495939513
1780,45.44036866,0.498459815
1780,38.58884521,0.498459815
1779,31.48041841,0.498179782
1780,35.25114455,0.498459815
1774,33.42557777,0.496779614
1768,40.65319747,0.495099412
1766,40.52327432,0.494539345
1764,7.44705848,0.493979278
1812,34.60280078,0.507420891
1819,25.71056512,0.509381126
1820,39.5355247,0.509661159
1807,47.70054524,0.506020722
1805,33.5538707,0.505460655
1821,17.76483615,0.509941193
1815,11.22214104,0.508260991
1834,6.952241859,0.51358163
1839,4.986618338,0.514981798
1830,27.32410273,0.512461495
1839,44.9883146,0.514981798
1827,49.10462549,0.511621395
1827,50.43966371,0.511621395
1822,4.633604192,0.510221227
1801,1.844836158,0.504340521
1809,18.58220957,0.50658079
1815,17.87389205,0.508260991
1815,5.389546185,0.508260991
1839,22.91327993,0.514981798
1830,21.50955279,0.512461495
1834,17.60960843,0.51358163
1816,40.64310114,0.508541025
1829,44.82162599,0.512181462
1838,33.60741856,0.514701764
1843,44.58844991,0.516101932
1843,35.01056492,0.516101932
1840,39.07401818,0.515261831
1836,32.62286808,0.514141697
1819,25.14246788,0.509381126
1808,8.821341866,0.506300756
1796,49.12491142,0.502940353
1796,45.60032068,0.502940353
1801,39.25685274,0.504340521
1804,46.92756042,0.505180622
1808,39.99502854,0.506300756
1820,47.24722624,0.509661159
1819,48.71861287,0.509381126
1816,50.39951636,0.508541025
1812,30.98928655,0.507420891
1813,36.61327952,0.507700924
1782,22.45237369,0.499019882
1811,2.236508696,0.507140857
1797,15.59487814,0.503220386
1806,13.0892812,0.505740689
1807,14.95017706,0.506020722
1811,10.23990789,0.507140857
1790,24.33236017,0.501260151
1794,40.24420509,0.502380286
1789,42.40449217,0.500980118
1785,42.08431154,0.499859983
1815,10.91143198,0.508260991
1814,14.17411616,0.507980958
1828,19.19960856,0.511901428
1865,1.068689775,0.522262672
1867,0.32488235,0.522822739
1852,12.61994219,0.518622235
1855,14.00728548,0.519462335
1867,17.45417929,0.522822739
1861,18.41237746,0.521142537
1860,10.33324722,0.520862504
1860,12.22420987,0.520862504
1875,7.574708311,0.525063008
1846,32.23874727,0.516942033
1855,35.69274296,0.519462335
1852,47.74018419,0.518622235
1839,42.64697098,0.514981798
1802,21.59221276,0.504620554
1794,38.3722535,0.502380286
1824,27.55101978,0.510781294
1820,38.51601884,0.509661159
1821,41.61893864,0.509941193
1830,10.96914362,0.512461495
1829,13.24440376,0.512181462
1860,28.58996307,0.520862504
1861,31.53555948,0.521142537
1866,43.75788883,0.522542705
1843,7.257059133,0.516101932
1870,42.8722808,0.52366284
1880,44.92872527,0.526463176
1872,23.96844634,0.524222907
1832,23.14065548,0.513021563
1842,8.526252699,0.515821899
1856,30.96347328,0.519742369
1857,32.72132959,0.520022403
1863,46.66369414,0.521702604
1859,43.81440164,0.52058247
1856,46.72272047,0.519742369
1849,43.99630471,0.517782134
1837,49.74433174,0.514421731
1891,33.32943438,0.529543545
1890,37.59471384,0.529263512
1886,44.06478756,0.528143377
1882,27.96299535,0.527023243
1892,26.50427003,0.529823579
1898,32.81981227,0.53150378
1899,42.32980517,0.531783814
1885,9.635800909,0.527863344
1889,1.423319556,0.528983478
1897,15.38417891,0.531223747
1894,43.56401269,0.530383646
1891,47.90776031,0.529543545
1892,16.28312247,0.529823579
1881,21.7813535,0.526743209
1873,10.49492737,0.52450294
1871,29.36090139,0.523942873
1897,17.56735779,0.531223747
1890,21.80249108,0.529263512
1890,18.29332581,0.529263512
1911,28.45682108,0.535144217
1909,25.57515122,0.53458415
1906,0.810643396,0.533744049
1879,37.7615888,0.526183142
1888,49.30986093,0.528703444
1889,28.05054401,0.528983478
1921,26.35011166,0.537944553
1918,14.80626682,0.537104453
1930,37.15560334,0.540464856
1912,43.10604504,0.535424251
1956,43.80149537,0.547745729
1970,46.28644444,0.5516662
1966,45.63498765,0.550546066
1966,34.80353196,0.550546066
1953,25.4168757,0.546905629
1962,14.98448382,0.549425931
1911,8.093507396,0.535144217
1923,11.29883528,0.538504621
1929,8.166044216,0.540184822
1917,9.13262744,0.536824419
1912,11.16566338,0.535424251
1908,15.43476633,0.534304116
1900,11.55484039,0.532063848
1900,3.171337219,0.532063848
1891,10.4928571,0.529543545
1886,4.794939793,0.528143377
1915,48.81621498,0.536264352
1916,34.92067881,0.536544385
1916,42.29832774,0.536544385
1914,43.22248374,0.535984318
1906,38.38854306,0.533744049
1905,44.33531787,0.533464016
1925,24.50326469,0.539064688
1928,45.59458092,0.539904789
1922,39.64779342,0.538224587
1936,36.41784654,0.542145057
1934,48.73923482,0.54158499
1933,21.30718925,0.541304957
1931,29.30036758,0.540744889
1928,13.61661039,0.539904789
1927,17.8058818,0.539624755
1932,12.71104957,0.541024923
1943,12.61415264,0.544105293
1934,1.795235016,0.54158499
1947,7.457755838,0.545225427
1913,20.11996551,0.535704285
1915,33.20186377,0.536264352
1942,37.78132693,0.543825259
1943,49.99540277,0.544105293
1928,31.54813555,0.539904789
1897,23.1312785,0.531223747
1938,10.2754268,0.542705125
1939,14.54483484,0.542985158
1944,24.72038181,0.544385326
1936,23.60123696,0.542145057
1948,12.62383724,0.545505461
1955,17.71948641,0.547465696
1951,14.48911726,0.546345561
1942,8.315073934,0.543825259
1935,4.368171675,0.541865024
1917,11.30339445,0.536824419
1995,27.6406339,0.55866704
1992,16.81898635,0.557826939
1993,23.59531817,0.558106973
1990,24.57720124,0.557266872
2014,42.46882838,0.563987679
1978,46.86517649,0.553906469
1976,8.41578187,0.553346402
1971,41.34940667,0.551946234
1991,12.05496407,0.557546906
1994,10.80218176,0.558387006
1985,20.90115609,0.555866704
1983,17.75593624,0.555306637
1977,19.86529134,0.553626435
1968,24.9489153,0.551106133
1967,31.33283328,0.550826099
1985,35.88110085,0.555866704
1959,29.64314072,0.54858583
1958,15.91512096,0.548305797
1966,14.28267191,0.550546066
1951,26.07232888,0.546345561
1966,40.01191944,0.550546066
1981,0.850702793,0.55474657
1988,12.7328261,0.556706805
1983,45.41203069,0.555306637
1952,28.23997715,0.546625595
2008,18.69637997,0.562307477
2003,23.55869777,0.560907309
2002,25.85367885,0.560627275
2003,6.549368568,0.560907309
2005,11.07640341,0.561467376
2014,31.53994558,0.563987679
2025,33.98584371,0.567068048
2024,16.16510856,0.566788015
2015,48.40837359,0.564267712
2016,41.16505598,0.564547746
2023,43.40211782,0.566507981
1993,46.26791516,0.558106973
1993,37.71340389,0.558106973
2030,14.86836366,0.568468216
2037,31.32805161,0.570428451
2030,37.35088397,0.568468216
2030,40.8595498,0.568468216
2035,44.13695147,0.569868384
2036,36.21314101,0.570148418
2040,18.82371685,0.571268552
2042,18.63694556,0.571828619
2028,10.24966724,0.567908149
2028,28.56579785,0.567908149
2044,40.35897296,0.572388687
2049,36.35072992,0.573788855
2021,36.32142063,0.565947914
2049,26.17036637,0.573788855
2042,32.58863325,0.571828619
2048,10.84323111,0.573508821
2043,14.61814087,0.572108653
2054,1.406015112,0.575189023
2044,39.46515751,0.572388687
2059,44.95446347,0.576589191
2038,29.03071648,0.570708485
2033,45.07985268,0.569308317
2010,23.31268432,0.562867544
1999,48.20602035,0.559787174
2029,22.33859996,0.568188183
2055,5.257509131,0.575469056
2051,20.95253685,0.574348922
2051,26.72613819,0.574348922
2084,19.52602062,0.583590031
2078,20.16459554,0.581909829
2076,10.23914864,0.581349762
2082,13.33349288,0.583029964
2069,3.32778266,0.579389527
2082,0.680648313,0.583029964
2091,3.995573142,0.585550266
2082,23.61175621,0.583029964
2061,27.09640973,0.577149258
2082,15.84995553,0.583029964
2081,26.77868424,0.58274993
2066,46.69791363,0.578549426
2088,41.43797121,0.584710165
2056,46.32093373,0.57574909
2008,12.55525289,0.562307477
2002,17.17648807,0.560627275
2104,38.15799688,0.589190703
2116,33.80459483,0.592551106
2120,33.91660128,0.593671241
2117,44.16533169,0.59283114
2100,13.25706405,0.588070568
2100,6.98690615,0.588070568
2104,7.881356819,0.589190703
2108,31.50109459,0.590310837
2114,22.01762616,0.591991039
2118,0.218135368,0.593111173
2102,12.95038932,0.588630636
2108,4.869511463,0.590310837
2125,4.352413159,0.595071409
2126,1.180405799,0.595351442
2122,3.423690229,0.594231308
2122,13.18971314,0.594231308
2130,8.992995935,0.596471577
2129,46.27251592,0.596191543
2089,41.09648368,0.584990199
2096,33.2417245,0.586950434
2094,34.93957249,0.586390367
2103,39.48362661,0.588910669
2105,25.9635486,0.589470736
2112,33.19972571,0.591430972
2118,46.82803393,0.593111173
2108,17.38892721,0.590310837
2085,28.95495486,0.583870064
2069,40.74639095,0.579389527
2072,49.38174949,0.580229628
2073,35.43606529,0.580509661
2086,39.27505544,0.584150098
2079,8.748671015,0.582189863
2079,7.397309445,0.582189863
2119,25.17529511,0.593391207
2110,46.72871411,0.590870905
2104,7.138949109,0.589190703
2113,2.096788302,0.591711005
2115,4.620844766,0.592271073
2118,10.5192514,0.593111173
2124,23.1444963,0.594791375
2138,29.36823622,0.598711845
2132,40.19383935,0.597031644
2124,16.56412475,0.594791375
2139,1.670867627,0.598991879
2150,11.41379201,0.602072249
2151,13.77123848,0.602352282
2156,34.94948923,0.60375245
2156,25.77653001,0.60375245
2151,22.59439246,0.602352282
2148,14.46095309,0.601512181
2148,18.21812897,0.601512181
2151,5.528531835,0.602352282
2141,23.90455116,0.599551946
2139,41.83990592,0.598991879
2108,44.9335779,0.590310837
2147,41.50938436,0.601232148
2136,43.55268145,0.598151778
2131,4.615201457,0.59675161
2133,16.19751787,0.597311677
2139,35.48017315,0.598991879
2159,43.23346064,0.604592551
2150,45.07204836,0.602072249
2157,32.38340085,0.604032484
2168,32.31309436,0.607112854
2179,18.01286496,0.610193223
2182,33.31108379,0.611033324
2191,41.09874698,0.613553626
2176,29.30373408,0.609353122
2159,28.91532098,0.604592551
2148,47.67999997,0.601512181
2143,44.86843588,0.600112013
2142,46.16307721,0.59983198
2152,36.56193251,0.602632316
2177,19.72783059,0.609633156
2176,15.09868818,0.609353122
2185,13.2378352,0.611873425
2175,7.837838365,0.609073089
2188,6.847464779,0.612713526
2175,6.076459942,0.609073089
2169,5.767024281,0.607392887
2159,15.89076844,0.604592551
2158,5.749047486,0.604312518
2166,2.468116396,0.606552786
2172,19.40402063,0.608232988
2196,10.97790219,0.614953794
2189,21.04170644,0.612993559
2185,24.0767978,0.611873425
2177,2.815058604,0.609633156
2192,10.78724822,0.61383366
2187,10.23612958,0.612433492
2168,47.93969404,0.607112854
2166,48.67336398,0.606552786
2163,27.43501317,0.605712686
2164,32.84687524,0.605992719
2181,40.49663521,0.61075329
2191,35.3899903,0.613553626
2198,35.8415388,0.615513862
2195,22.15747067,0.614673761
2195,18.55518907,0.614673761
2192,25.63020242,0.61383366
2201,49.61376697,0.616353962
2214,26.27331818,0.619994399
2211,25.27189185,0.619154299
2205,22.13425052,0.617474097
2207,23.46904061,0.618034164
2204,27.76570407,0.617194063
2242,32.00598713,0.62783534
2244,36.40126126,0.628395407
2246,27.564733,0.628955475
2225,46.69205983,0.623074769
2227,22.78834175,0.623634836
2219,31.17470786,0.621394567
2259,37.45056847,0.632595912
2255,34.39157334,0.631475777
2262,49.0540099,0.633436012
2263,47.51844942,0.633716046
2253,49.07135024,0.63091571
2264,34.41045814,0.63399608
2245,20.62962173,0.628675441
2258,18.40604334,0.632315878
2264,24.73011419,0.63399608
2253,15.59617167,0.63091571
2256,16.52684353,0.631755811
2256,7.829978388,0.631755811
2244,12.51981881,0.628395407
2231,4.135948352,0.624754971
2231,7.973113598,0.624754971
2224,14.19108962,0.622794735
2224,20.98045963,0.622794735
2224,25.77566617,0.622794735
2240,22.743846,0.627275273
2243,21.82645359,0.628115374
2262,21.31783671,0.633436012
2261,18.34425764,0.633155979
2254,43.22289785,0.631195743
2255,37.21118544,0.631475777
2257,38.8292438,0.632035844
2265,36.76491775,0.634276113
2205,28.80165346,0.617474097
2200,26.82302876,0.616073929
2196,22.83629476,0.614953794
2188,22.47113145,0.612713526
2207,36.35324587,0.618034164
2213,34.9219063,0.619714366
2214,27.72017996,0.619994399
2217,31.56515939,0.6208345
2225,30.89550765,0.623074769
2223,30.37776342,0.622514702
2215,39.45800817,0.620274433
2222,45.79567349,0.622234668
2226,9.743145404,0.623354803
2212,4.100794863,0.619434332
2211,3.154342581,0.619154299
2205,1.75888486,0.617474097
2213,21.62969534,0.619714366
2210,15.81834561,0.618874265
2205,31.64393344,0.617474097
2204,38.46958216,0.617194063
2178,5.107626079,0.60991319
2162,20.91152605,0.605432652
2159,22.33671198,0.604592551
2186,2.53232282,0.612153458
2195,28.90074826,0.614673761
2206,47.40674413,0.61775413
2213,13.63964645,0.619714366
2203,12.35796362,0.61691403
2191,15.70539153,0.613553626
2207,3.632935296,0.618034164
2213,2.099744498,0.619714366
2258,1.843447924,0.632315878
2259,11.25158696,0.632595912
2250,2.041202782,0.630075609
2246,2.331567468,0.628955475
2248,5.169911656,0.629515542
2240,7.389286626,0.627275273
2232,8.04005768,0.625035004
2165,20.21299674,0.606272753
2237,11.61561542,0.626435172
2235,11.9550708,0.625875105
2242,10.89472233,0.62783534
2246,12.36448911,0.628955475
2247,13.21809528,0.629235508
2226,15.87616796,0.623354803
2222,11.06309864,0.622234668
2220,12.1589665,0.621674601
2252,37.33581284,0.630635676
2250,46.20196894,0.630075609
2225,27.09988977,0.623074769
2223,28.05333563,0.622514702
2221,29.83998328,0.621954635
2238,36.96596935,0.626715206
2234,46.18477067,0.625595071
2240,19.94733683,0.627275273
2242,26.29859068,0.62783534
2219,25.82543643,0.621394567
2235,40.16150124,0.625875105
2222,23.83954616,0.622234668
2233,29.96975413,0.625315038
2122,13.62917919,0.594231308
2123,5.056236375,0.594511341
2277,25.03322039,0.637636516
2276,41.10236306,0.637356483
2270,22.25139457,0.635676281
2261,24.23502882,0.633155979
2278,16.76750726,0.63791655
2270,4.230853757,0.635676281
2277,6.828211119,0.637636516
2266,9.57185189,0.634556147
2262,3.827417741,0.633436012
2258,24.91340613,0.632315878
2264,26.77119578,0.63399608
2275,34.07319066,0.637076449
2296,36.4156377,0.642957155
2295,33.27716969,0.642677121
2295,18.3197731,0.642677121
2300,26.38460014,0.644077289
2299,24.57579918,0.643797256
2304,21.94727567,0.645197424
2304,11.988031,0.645197424
2302,5.521379296,0.644637356
2298,3.867331797,0.643517222
2296,4.25769711,0.642957155
2291,6.022832853,0.641556987
2292,13.00980396,0.64183702
2286,15.73012376,0.640156819
2285,3.649364777,0.639876785
2292,3.83562439,0.64183702
2282,0.619952968,0.639036684
2282,20.4754649,0.639036684
2281,21.70217074,0.638756651
2274,43.20809265,0.636796416
2278,43.52072426,0.63791655
2279,41.61618226,0.638196584
2286,49.14722675,0.640156819
2285,31.70721427,0.639876785
2303,47.10326721,0.64491739
2310,30.97103607,0.646877625
2309,29.66087849,0.646597592
2310,35.88040187,0.646877625
2308,34.39699302,0.646317558
2313,35.10171849,0.647717726
2311,42.36227554,0.647157659
2307,46.02992614,0.646037525
2300,47.40494082,0.644077289
2253,29.15244778,0.63091571
2315,4.973685237,0.648277793
2315,22.3300677,0.648277793
2318,22.06656045,0.649117894
2317,37.17323676,0.648837861
2308,0.922837852,0.646317558
2311,9.728604755,0.647157659
2318,18.46475145,0.649117894
2317,21.2831426,0.648837861
2323,2.240673543,0.650518062
2315,12.98492832,0.648277793
2297,19.10293799,0.643237188
2304,12.83383858,0.645197424
2299,22.32233302,0.643797256
2275,26.28804838,0.637076449
2269,34.28485232,0.635396248
2264,27.98742326,0.63399608
2270,12.12017353,0.635676281
2274,3.127637367,0.636796416
2255,17.5723278,0.631475777
2283,20.38458253,0.639316718
2276,20.75231207,0.637356483
2278,32.94685758,0.63791655
2294,36.36402954,0.642397088
2298,44.61585091,0.643517222
2299,39.43027081,0.643797256
2294,27.00793233,0.642397088
2288,47.59720097,0.640716886
2294,47.93884591,0.642397088
2324,46.26654738,0.650798096
2324,33.2760923,0.650798096
2316,40.43856918,0.648557827
2311,46.66524079,0.647157659
2306,46.24207719,0.645757491
2302,46.40334172,0.644637356
2313,48.99978716,0.647717726
2327,40.2774483,0.651638197
2326,38.58734083,0.651358163
2307,23.46700054,0.646037525
2337,33.9054155,0.654438533
2347,10.21078945,0.657238869
2338,14.93887813,0.654718566
2338,16.29737069,0.654718566
2333,6.500520678,0.653318398
2333,11.01158088,0.653318398
2325,20.35008139,0.651078129
2328,3.67448633,0.65191823
2333,6.426164687,0.653318398
2330,5.803866256,0.652478297
2323,2.409354599,0.650518062
2333,13.06427771,0.653318398
2344,6.914788424,0.656398768
2319,9.837936045,0.649397928
2320,17.14462678,0.649677961
2320,15.17057,0.649677961
2328,9.29411949,0.65191823
2316,2.302343402,0.648557827
2323,9.798642914,0.650518062
2346,36.47039264,0.656958835
2348,30.36647403,0.657518902
2343,22.35403211,0.656118734
2339,35.35354272,0.6549986
2337,41.19454565,0.654438533
2331,40.55742706,0.652758331
2329,27.57654079,0.652198264
2331,25.88072027,0.652758331
2327,25.82687805,0.651638197
2365,46.17946798,0.662279474
2330,45.27642358,0.652478297
2345,41.98953043,0.656678801
2334,29.06580579,0.653598432
2320,42.46671889,0.649677961
2271,12.04122991,0.635956315
2312,33.49939939,0.647437693
2294,11.79369795,0.642397088
2382,2.36695804,0.667040045
2374,11.95489932,0.664799776
2374,2.03548198,0.664799776
2373,5.636832892,0.664519742
2374,6.298051418,0.664799776
2367,16.2471176,0.662839541
2366,11.54681943,0.662559507
2379,21.07766388,0.666199944
2364,20.87236515,0.66199944
2360,22.74986737,0.660879306
2370,30.92953076,0.663679642
2366,28.91262878,0.662559507
2364,31.77772828,0.66199944
2371,41.16237478,0.663959675
2374,36.5962944,0.664799776
2362,25.91862481,0.661439373
2381,34.77704856,0.666760011
2377,43.70082662,0.665639877
2388,44.89817831,0.668720246
2384,43.80961601,0.667600112
2386,34.6628919,0.668160179
2374,40.10053089,0.664799776
2385,19.64980748,0.667880146
2424,46.84415633,0.678801456
2430,48.42443554,0.680481658
2409,31.7663383,0.674600952
2414,42.32578037,0.67600112
2416,42.7290702,0.676561187
2403,38.86893029,0.67292075
2401,44.20306277,0.672360683
2398,48.51980301,0.671520582
2413,31.13502461,0.675721087
2409,30.18601779,0.674600952
2416,33.84036269,0.676561187
2395,18.66926431,0.670680482
2383,31.39608825,0.667320078
2407,5.623092131,0.674040885
2405,18.0787298,0.673480818
2395,13.05995474,0.670680482
2391,12.6372336,0.669560347
2409,16.84910282,0.674600952
2410,12.92389621,0.674880986
2407,14.63296739,0.674040885
2357,8.547695196,0.660039205
2359,14.81011712,0.660599272
2368,4.853106308,0.663119574
2354,45.69213154,0.659199104
2356,45.18713978,0.659759171
2349,46.12243661,0.657798936
2360,31.91379062,0.660879306
2360,30.51259881,0.660879306
2366,31.65292164,0.662559507
2322,38.33562546,0.650238029
2317,44.39656193,0.648837861
2322,41.46284691,0.650238029
2289,41.83811548,0.64099692
2357,30.75977804,0.660039205
2350,28.79080743,0.658078969
2374,33.0296504,0.664799776
2373,32.43078885,0.664519742
2371,35.98162332,0.663959675
2383,41.46276026,0.667320078
2381,49.43441715,0.666760011
2365,48.44791501,0.662279474
2339,11.57878023,0.6549986
2342,11.44361448,0.655838701
2347,14.07656765,0.657238869
2390,25.14962164,0.669280314
2390,28.61678106,0.669280314
2402,24.32036805,0.672640717
2376,0.584570167,0.665359843
2374,20.82093406,0.664799776
2369,17.54918364,0.663399608
2423,15.96299687,0.678521423
2393,43.94349323,0.670120414
2392,45.61653782,0.669840381
2371,47.83097191,0.663959675
2397,44.61137258,0.671240549
2442,8.204737915,0.683842061
2437,16.12448795,0.682441893
2430,4.558793607,0.680481658
2428,8.214216439,0.679921591
2443,22.59724549,0.684122095
2452,47.9322427,0.686642397
2453,31.28220844,0.686922431
2452,27.15018739,0.686642397
2465,34.07688337,0.690282834
2452,36.26397904,0.686642397
2460,22.69260046,0.688882666
2458,25.22791395,0.688322599
2465,28.24420262,0.690282834
2465,45.47112582,0.690282834
2466,37.39571791,0.690562868
2470,26.53369031,0.691683002
2472,43.81500609,0.692243069
2471,42.15319892,0.691963036
2464,42.68758772,0.6900028
2486,46.49229723,0.69616354
2485,40.51064499,0.695883506
2478,35.20005247,0.693923271
2474,29.80161941,0.692803136
2500,44.95748866,0.70008401
2502,38.87886177,0.700644077
2500,35.71312306,0.70008401
2495,34.48098319,0.698683842
2494,38.1869892,0.698403808
2423,4.554193445,0.678521423
2432,4.380262868,0.681041725
2442,26.78599592,0.683842061
2442,17.140893,0.683842061
2440,10.93058951,0.683281994
2428,22.82426167,0.679921591
2416,27.80313008,0.676561187
2437,46.6520373,0.682441893
2436,38.26622972,0.682161859
2431,36.9360841,0.680761691
2442,46.96913696,0.683842061
2444,40.26006548,0.684402128
2414,30.74046268,0.67600112
2405,0.449453463,0.673480818
2419,22.82349368,0.677401288
2423,22.52119488,0.678521423
2420,30.59963822,0.677681322
2422,30.53549799,0.678241389
2418,30.3674247,0.677121255
2422,47.74986074,0.678241389
2416,46.06619823,0.676561187
2420,37.86487952,0.677681322
2424,37.02826114,0.678801456
2412,39.26094927,0.675441053
2453,3.974133525,0.686922431
2454,13.82123825,0.687202464
2456,5.821265749,0.687762532
2458,2.259787534,0.688322599
2467,24.40373517,0.690842901
2467,14.04565765,0.690842901
2470,4.084234572,0.691683002
2470,2.609145934,0.691683002
2464,5.708269188,0.6900028
2458,0.63284952,0.688322599
2459,1.059199187,0.688602632
2449,2.945399659,0.685802296
2468,4.226386883,0.691122935
2452,22.91538008,0.686642397
2461,42.99221294,0.6891627
2468,46.48084729,0.691122935
2472,44.65239288,0.692243069
2471,48.94934248,0.691963036
2456,44.77622095,0.687762532
2449,45.09443077,0.685802296
2454,36.29937125,0.687202464
2477,3.049594594,0.693643237
2472,0.539630682,0.692243069
2474,3.306826685,0.692803136
2490,7.684673661,0.697283674
2493,20.91925342,0.698123775
2474,8.743406432,0.692803136
2460,25.5943789,0.688882666
2476,28.41604507,0.693363204
2474,27.22171203,0.692803136
2486,37.26057001,0.69616354
2480,37.88506641,0.694483338
2469,49.4599456,0.691402968
2489,35.42218869,0.69700364
2496,47.08827113,0.698963876
2515,32.38900777,0.704284514
2512,27.63828703,0.703444413
2509,23.83848611,0.702604313
2513,41.62906723,0.703724447
2503,44.78704897,0.700924111
2503,43.26750153,0.700924111
2503,40.84581972,0.700924111
2485,40.38359859,0.695883506
2500,11.08564123,0.70008401
2497,2.10639078,0.699243909
2494,4.727529632,0.698403808
2484,10.71263385,0.695603472
2517,8.990575571,0.704844581
2512,14.95477205,0.703444413
2510,30.22754322,0.702884346
2508,44.72350808,0.702324279
2515,46.79021334,0.704284514
2506,40.21341683,0.701764212
2503,46.86553545,0.700924111
2522,47.54845096,0.706244749
2508,35.86996076,0.702324279
2492,27.00374677,0.697843741
2494,26.83217457,0.698403808
2501,13.08647482,0.700364044
2503,17.01590131,0.700924111
2509,45.5680757,0.702604313
2509,49.89862504,0.702604313
2523,27.88844976,0.706524783
2532,15.74341431,0.709045085
2531,29.52935199,0.708765052
2530,22.74924579,0.708485018
2518,33.56004688,0.705124615
2514,50.17864895,0.704004481
2513,48.91795201,0.703724447
2521,45.16197677,0.705964716
2505,48.33807278,0.701484178
2519,46.71453652,0.705404649
2507,46.91493418,0.702044245
2536,34.32941917,0.71016522
2538,34.37623815,0.710725287
2539,34.60185537,0.711005321
2541,45.3615223,0.711565388
2527,35.23387564,0.707644917
2523,32.20625959,0.706524783
2518,14.89953958,0.705124615
2515,0.866625296,0.704284514
2531,6.451101763,0.708765052
2498,8.790362309,0.699523943
2500,7.520712487,0.70008401
2534,31.71915278,0.709605153
2536,35.89584703,0.71016522
2534,32.69709818,0.709605153
2520,45.31381052,0.705684682
2515,36.24700426,0.704284514
2543,25.69456273,0.712125455
2543,21.86470467,0.712125455
2537,5.696479573,0.710445253
2544,8.865618387,0.712405489
2536,22.09832802,0.71016522
2555,26.76184696,0.715485858
2550,28.0180391,0.71408569
2546,26.31532222,0.712965556
2553,15.5654177,0.714925791
2543,48.73208215,0.712125455
2541,48.20190621,0.711565388
2545,36.28259754,0.712685522
2546,28.28278174,0.712965556
2543,29.38660231,0.712125455
2541,30.9100887,0.711565388
2550,34.93898019,0.71408569
2550,28.89353699,0.71408569
2554,21.40998762,0.715205825
2558,43.87653659,0.716325959
2559,31.97552989,0.716605993
2560,35.02546681,0.716886026
2531,27.61749883,0.708765052
2535,27.00724641,0.709885186
2543,8.63250524,0.712125455
2559,10.02471838,0.716605993
2554,13.73990064,0.715205825
2555,5.857315903,0.715485858
2559,2.627045589,0.716605993
2544,7.160499315,0.712405489
2591,33.38027785,0.725567068
2576,41.52668532,0.721366564
2588,44.10912067,0.724726967
2580,42.35610693,0.722486698
2568,33.52113116,0.719126295
2608,37.39057263,0.730327639
2604,41.40324289,0.729207505
2602,43.73843028,0.728647438
2598,50.1049266,0.727527303
2615,49.1735506,0.732287875
2609,32.42330823,0.730607673
2603,3.206121625,0.728927471
2582,25.72663395,0.723046766
2572,29.87755837,0.72024643
2597,4.383416795,0.72724727
2600,3.961149715,0.72808737
2601,7.77035574,0.728367404
2606,1.246255328,0.729767572
2604,13.69984208,0.729207505
2612,22.07501043,0.731447774
2609,28.07269238,0.730607673
2564,29.04458619,0.718006161
2564,30.75639354,0.718006161
2562,24.66636403,0.717446094
2573,25.66855218,0.720526463
2572,21.72765839,0.72024643
2573,18.52432638,0.720526463
2568,8.081217,0.719126295
2567,10.6206892,0.718846262
2575,29.89094583,0.72108653
2591,25.81024403,0.725567068
2589,15.96072094,0.725007001
2584,6.821646488,0.723606833
2581,5.054235124,0.722766732
2579,20.32622838,0.722206665
2599,25.77905093,0.727807337
2595,1.943706585,0.726687202
2593,3.662591413,0.726127135
2589,5.302205884,0.725007001
2574,7.190684316,0.720806497
2563,6.107267829,0.717726127
2559,5.755872332,0.716605993
2560,1.442677156,0.716886026
2579,48.04264528,0.722206665
2579,44.08429757,0.722206665
2573,50.36633025,0.720526463
2570,42.54165,0.719686362
2572,40.66471416,0.72024643
2579,37.39554785,0.722206665
2582,37.44402587,0.723046766
2587,35.09618147,0.724446934
2586,25.31485783,0.7241669
2566,25.78280201,0.718566228
2569,29.10770524,0.719406329
2562,36.56149061,0.717446094
2563,20.79186291,0.717726127
2562,22.87444142,0.717446094
2567,18.30845527,0.718846262
2573,25.6618246,0.720526463
2583,14.422144,0.723326799
2586,14.42095059,0.7241669
2609,13.53342916,0.730607673
2607,11.26930913,0.730047606
2615,10.12223007,0.732287875
2618,17.70051294,0.733127975
2610,23.38466489,0.730887707
2594,27.62765512,0.726407169
2587,40.20018883,0.724446934
2577,24.75101758,0.721646598
2553,28.27770115,0.714925791
2557,28.041071,0.716045926
2547,24.56981562,0.713245589
2708,18.12583911,0.758331
2715,35.10168863,0.760291235
2728,44.072615,0.763931672
2709,6.824919533,0.758611033
2704,6.285313524,0.757210865
2711,13.78458214,0.759171101
2713,1.623974272,0.759731168
2711,5.895113844,0.759171101
2718,17.95167808,0.761131336
2692,6.788629416,0.753850462
2717,11.80075659,0.760851302
2723,15.13739511,0.762531504
2711,15.44627438,0.759171101
2710,30.62371557,0.758891067
2683,47.62676243,0.75133016
2618,13.1149512,0.733127975
2619,5.16502024,0.733408009
2625,2.125011038,0.735088211
2626,8.439987507,0.735368244
2628,49.12983543,0.735928311
2627,34.80777378,0.735648278
2638,32.92949509,0.738728647
2643,32.0800614,0.740128815
2645,29.5140914,0.740688883
2645,25.32035448,0.740688883
2643,25.26125682,0.740128815
2635,10.08833253,0.737888547
2644,8.021670174,0.740408849
2635,6.639216463,0.737888547
2643,45.04998865,0.740128815
2620,23.45480873,0.733688043
2620,28.53259255,0.733688043
2616,24.37176467,0.732567908
2639,15.35700672,0.739008681
2638,28.48806957,0.738728647
2631,15.87156842,0.736768412
2632,13.36868904,0.737048446
2630,11.17777697,0.736488379
2629,13.5101923,0.736208345
2636,6.784940837,0.73816858
2634,11.62542804,0.737608513
2645,23.15693796,0.740688883
2655,34.75834457,0.743489219
2641,30.21923352,0.739568748
2632,31.31928808,0.737048446
2625,25.50006016,0.735088211
2623,17.43411443,0.734528143
2622,7.02141385,0.73424811
2629,44.65843753,0.736208345
2635,38.08646122,0.737888547
2624,33.84348152,0.734808177
2622,34.84672609,0.73424811
2619,22.41257476,0.733408009
2656,20.88570422,0.743769252
2641,14.22094716,0.739568748
2641,18.29457303,0.739568748
2620,10.436962,0.733688043
2628,15.32695793,0.735928311
2650,31.02794008,0.742089051
2656,15.88698166,0.743769252
2668,1.621130706,0.747129656
2677,18.27565776,0.749649958
2675,18.81118357,0.749089891
2671,17.41460485,0.747969756
2683,36.0320469,0.75133016
2677,34.90876299,0.749649958
2671,29.5768227,0.747969756
2656,31.3144261,0.743769252
2668,17.67246666,0.747129656
2671,24.43257315,0.747969756
2661,23.92401052,0.74516942
2662,16.16486377,0.745449454
2658,25.73249215,0.74432932
2678,14.65588056,0.749929992
2676,15.61195201,0.749369924
2625,7.861321386,0.735088211
2606,27.32872006,0.729767572
2599,42.34261512,0.727807337
2615,30.69595082,0.732287875
2619,26.92630172,0.733408009
2604,17.23653675,0.729207505
2607,14.04605248,0.730047606
2606,14.13728288,0.729767572
2618,40.52144911,0.733127975
2613,7.463501007,0.731727807
2613,11.89129299,0.731727807
2611,5.722430696,0.73116774
2589,19.20324246,0.725007001
2593,15.10659073,0.726127135
2596,16.92289362,0.726967236
2568,34.0759927,0.719126295
2688,40.76275348,0.752730328
2689,37.54902298,0.753010361
2675,33.40490729,0.749089891
2673,34.94616525,0.748529824
2679,46.1778412,0.750210025
2675,40.64790162,0.749089891
2663,29.81258202,0.745729488
2657,28.88183428,0.744049286
2675,11.98208915,0.749089891
2662,21.73271052,0.745449454
2668,26.41782598,0.747129656
2671,28.93991358,0.747969756
2669,31.32940667,0.747409689
2668,33.92195484,0.747129656
2670,33.51247996,0.747689723
2613,44.44147766,0.731727807
2610,45.48586552,0.730887707
2624,44.21188904,0.734808177
2619,36.06409928,0.733408009
2606,36.71450351,0.729767572
2596,48.68551691,0.726967236
2594,48.86863779,0.726407169
2635,22.44079526,0.737888547
2635,28.47114305,0.737888547
2642,37.27521278,0.739848782
2642,35.49165155,0.739848782
2640,38.84168841,0.739288715
2651,19.99328322,0.742369084
2649,25.56823461,0.741809017
2661,46.14801056,0.74516942
2659,47.0621267,0.744609353
2656,45.67187865,0.743769252
2657,43.26176907,0.744049286
2654,47.52156527,0.743209185
2652,41.74461322,0.742649118
2651,34.27877301,0.742369084
2662,37.50767422,0.745449454
2672,39.76434641,0.74824979
2668,39.90729341,0.747129656
2646,32.08931919,0.740968916
2648,30.1447165,0.741528983
2641,22.90277267,0.739568748
2637,34.54990806,0.738448614
2683,30.57139476,0.75133016
2699,35.14069761,0.755810697
2692,45.70069752,0.753850462
2685,40.51581426,0.751890227
2673,46.6818288,0.748529824
2672,21.3266501,0.74824979
2668,23.13725779,0.747129656
2673,27.74604458,0.748529824
2676,49.56410827,0.749369924
2713,11.00082614,0.759731168
2715,10.26544985,0.760291235
2687,42.77696086,0.752450294
2690,48.81388643,0.753290395
2647,45.61882019,0.74124895
2670,0.442595202,0.747689723
2686,2.664542912,0.75217026
2736,37.78171436,0.766171941
2770,47.2017099,0.775693083
2760,47.97274265,0.772892747
2775,18.78176434,0.777093251
2768,26.13635749,0.775133016
2741,33.00127714,0.767572109
2712,48.21772083,0.759451134
2717,49.88596649,0.760851302
2710,45.67097899,0.758891067
2712,45.79113394,0.759451134
2702,45.00151812,0.756650798
2771,22.6488337,0.775973117
2779,43.40185672,0.778213386
2763,36.66777784,0.773732848
2760,40.47053739,0.772892747
2787,11.528465,0.780453654
2787,23.22735853,0.780453654
2785,21.15912233,0.779893587
2784,19.25690054,0.779613554
2791,18.7419241,0.781573789
2795,15.90436231,0.782693923
2792,9.727120387,0.781853822
2793,6.01834682,0.782133856
2782,2.952597388,0.779053486
2804,32.10983502,0.785214226
2789,32.31876254,0.781013722
2792,38.93497895,0.781853822
2792,44.57454505,0.781853822
2803,44.35270465,0.784934192
2765,37.87553986,0.774292915
2764,10.81485745,0.774012882
2773,4.423996269,0.776533184
2772,12.65195905,0.77625315
2790,7.224513956,0.781293755
2804,4.93172455,0.785214226
2746,33.81160257,0.768972277
2764,21.41931727,0.774012882
2764,25.44344527,0.774012882
2784,30.25108767,0.779613554
2784,36.29650904,0.779613554
2802,24.2524734,0.784654158
2793,46.71661347,0.782133856
2797,39.24530026,0.78325399
2793,29.99511245,0.782133856
2790,30.37283794,0.781293755
2799,21.56282344,0.783814058
2805,16.61235578,0.785494259
2806,3.070798227,0.785774293
2812,3.190543893,0.787454495
2787,42.71536185,0.780453654
2801,40.94600686,0.784374125
2804,41.14647546,0.785214226
2802,7.910276494,0.784654158
2801,12.11627334,0.784374125
2807,12.72440991,0.786054327
2804,14.37798301,0.785214226
2825,0.480151431,0.791094931
2813,11.00289709,0.787734528
2822,18.40998483,0.790254831
2815,22.36854309,0.788294595
2818,0.505834933,0.789134696
2821,41.26173324,0.789974797
2805,46.07043609,0.785494259
2813,35.32811441,0.787734528
2768,11.06122248,0.775133016
2757,27.47782176,0.772052646
2825,44.29218711,0.791094931
2811,43.42753934,0.787174461
2810,25.96880574,0.786894427
2807,28.45227271,0.786054327
2801,37.25484848,0.784374125
2799,39.02476873,0.783814058
2817,25.33577432,0.788854663
2778,23.01253806,0.777933352
2838,32.81712116,0.794735368
2850,21.00173914,0.798095771
2847,10.2092233,0.797255671
2837,16.93133842,0.794455335
2824,16.58647932,0.790814898
2825,7.583049706,0.791094931
2766,3.294724555,0.774572949
2771,5.643026101,0.775973117
2796,5.273058016,0.782973957
2799,15.59428362,0.783814058
2778,17.06798966,0.777933352
2844,24.40250596,0.79641557
2865,39.83112653,0.802296276
2863,7.023994076,0.801736208
2848,4.994262947,0.797535704
2849,11.3757873,0.797815738
2830,5.649534927,0.792495099
2825,14.94816407,0.791094931
2830,36.90755731,0.792495099
2856,27.75590235,0.799775973
2852,41.35604136,0.798655839
2854,33.19041513,0.799215906
2859,37.76542376,0.800616074
2848,36.54500836,0.797535704
2833,37.54268344,0.7933352
2871,2.256330114,0.803976477
2811,10.06520071,0.787174461
2819,2.864634033,0.78941473
2834,28.81024941,0.793615234
2824,40.24764265,0.790814898
2841,43.21424349,0.795575469
2881,38.01291163,0.806776813
2879,40.16794977,0.806216746
2869,33.16295586,0.80341641
2878,29.47407721,0.805936712
2875,18.80337653,0.805096612
2881,12.69673943,0.806776813
2876,8.652125202,0.805376645
2841,31.90343,0.795575469
2846,18.32797759,0.796975637
2860,12.11715217,0.800896108
2858,24.21904829,0.80033604
2819,4.26392973,0.78941473
2833,8.428839524,0.7933352
2812,7.975365534,0.787454495
2805,13.20424974,0.785494259
2816,5.014593147,0.788574629
2815,19.36857905,0.788294595
2788,24.34056751,0.780733688
2912,14.09108792,0.815457855
2907,42.29536673,0.814057687
2898,24.41402968,0.811537384
2872,12.70828229,0.804256511
2856,32.4335947,0.799775973
2912,13.18784119,0.815457855
2885,33.99053779,0.807896948
2928,21.73805889,0.819938393
2925,24.98419955,0.819098292
2919,14.58360855,0.81741809
2920,8.662356837,0.817698124
2920,12.27181677,0.817698124
2924,35.49731168,0.818818258
2912,43.20139676,0.815457855
2941,37.77951767,0.823578829
2943,44.28186866,0.824138897
2930,4.414333139,0.82049846
2938,31.46665215,0.822738729
2947,47.23697117,0.825259031
3009,5.399056358,0.842621115
3010,26.54947177,0.842901148
3029,2.586607367,0.848221787
3033,31.01568119,0.849341921
3019,38.32161975,0.845421451
3019,28.89986979,0.845421451
3046,21.24505578,0.852982358
3042,20.06721644,0.851862223
3036,11.79589273,0.850182022
3053,14.19983695,0.854942593
3031,21.21806577,0.848781854
3015,25.82571271,0.844301316
3035,24.48506586,0.849901988
3086,5.393744376,0.864183702
3063,2.033495981,0.857742929
3067,12.73890772,0.858863064
3072,20.57042625,0.860263232
3068,15.37435072,0.859143097
3059,1.367133927,0.856622795
3052,8.192442093,0.85466256
3081,8.246101173,0.862783534
3097,1.406517287,0.867264072
3100,1.650822643,0.868104173
3103,5.477747548,0.868944273
3113,4.079439755,0.871744609
3095,10.22259996,0.866704004
3104,13.46948824,0.869224307
3066,14.84860256,0.85858303
3071,47.17209996,0.859983198
3091,36.05215247,0.86558387
3101,40.4268592,0.868384206
3111,30.10541787,0.871184542
3121,36.51166801,0.873984878
3137,40.86246109,0.878465416
3128,44.14718901,0.875945113
3120,48.26623574,0.873704845
3119,25.98383141,0.873424811
3122,3.729687656,0.874264912
3137,3.866316087,0.878465416
3129,28.16172094,0.876225147
3163,22.66396714,0.88574629
3167,29.70030829,0.886866424
3161,43.41160279,0.885186222
3172,14.33957766,0.888266592
3144,34.14488268,0.880425651
3160,3.416614412,0.884906189
3159,18.27542685,0.884626155
3161,12.08811553,0.885186222
3126,19.54459094,0.875385046
3163,41.8884046,0.88574629
3119,24.04918233,0.873424811
3150,38.91046456,0.882105853
3156,42.58495897,0.883786054
3131,42.51327067,0.876785214
3198,35.77236232,0.895547466
3185,44.43220436,0.891907029
3206,46.05412199,0.897787735
3206,42.38371374,0.897787735
3210,38.161824,0.898907869
3211,49.67288502,0.899187903
3195,2.922825946,0.894707365
3242,1.996665219,0.907868944
3232,11.72547228,0.905068608
3251,28.71618341,0.910389247
3218,21.06513162,0.901148138
3250,45.38808676,0.910109213
3234,46.66337387,0.905628675
3233,41.49244533,0.905348642
3185,11.30128966,0.891907029
3194,9.699925408,0.894427331
3191,17.12718912,0.89358723
3193,35.83103754,0.894147298
3199,38.72930778,0.895827499
3197,45.12569968,0.895267432
3194,44.84746453,0.894427331
3221,44.85428101,0.901988239
3209,48.31513696,0.898627835
3226,21.80362839,0.903388407
3214,24.46585029,0.900028003
3215,34.27649836,0.900308037
3318,44.00184086,0.929151498
3295,32.15166601,0.922710725
3311,23.57249458,0.927191263
3299,3.765850412,0.92383086
3269,35.24249714,0.915429852
3258,24.44442983,0.912349482
3285,18.92192651,0.919910389
3276,44.47134973,0.917390087
3316,31.207448,0.928591431
3240,23.60526251,0.907308877
3260,43.98865745,0.912909549
3242,7.444358458,0.907868944
3295,43.25830711,0.922710725
3296,33.46377121,0.922990759
3293,12.48907851,0.922150658
3271,35.676917,0.915989919
3253,39.3879612,0.910949314
3262,40.4903828,0.913469616
3258,48.73758311,0.912349482
3296,46.57209379,0.922990759
3300,37.72934231,0.924110893
3284,13.673241,0.919630356
3287,4.974969503,0.920470456
3255,18.93363077,0.911509381
3257,17.52284286,0.912069448
3243,33.5246292,0.908148978
3235,20.59585207,0.905908709
3335,8.233864409,0.933912069
3332,14.84735577,0.933071969
3335,24.39659666,0.933912069
3335,0.623811942,0.933912069
3324,10.84473441,0.9308317
3309,9.309084407,0.926631196
3314,9.877406169,0.928031364
3326,25.24446943,0.931391767
3334,22.85661838,0.933632036
3341,17.84620647,0.935592271
3334,14.58292338,0.933632036
3333,11.51045063,0.933352002
3330,6.20816873,0.932511901
3351,19.64979651,0.938392607
3349,22.407434,0.93783254
3348,13.75683062,0.937552506
3354,25.06982471,0.939232708
3333,44.66999841,0.933352002
3334,40.30592153,0.933632036
3330,40.20377777,0.932511901
3324,44.76182827,0.9308317
3323,31.65650457,0.930551666
3312,40.44487624,0.927471297
3318,5.309107047,0.929151498
3351,33.79011653,0.938392607
3352,27.53318892,0.938672641
3361,21.72034071,0.941192943
3334,37.29281866,0.933632036
3322,45.40437079,0.930271633
3310,44.49148318,0.926911229
3306,45.35055828,0.925791095
3307,46.84522768,0.926071129
3304,32.70461617,0.925231028
3311,21.16145642,0.927191263
3336,39.34734176,0.934192103
3352,37.99669723,0.938672641
3292,40.09905623,0.921870624
3304,35.58498557,0.925231028
3279,43.66965774,0.918230188
3280,48.84273373,0.918510221
3283,35.62943887,0.919350322
3292,21.27768785,0.921870624
3292,23.96477004,0.921870624
3386,24.29688479,0.948193783
3380,29.54428385,0.946513582
3377,28.54004105,0.945673481
3373,36.41886612,0.944553346
3374,39.39377969,0.94483338
3377,45.39332743,0.945673481
3380,21.92755691,0.946513582
3397,48.89679413,0.951274153
3415,47.66285472,0.956314758
3394,25.58577494,0.950434052
3388,15.3571933,0.94875385
3379,37.85830773,0.946233548
3378,36.15444001,0.945953514
3375,32.25084241,0.945113414
3362,43.66326518,0.941472977
3357,42.126413,0.940072809
3358,39.36674968,0.940352842
3371,49.14791122,0.943993279
3373,47.60290989,0.944553346
3372,0.508361369,0.944273313
3359,1.59576256,0.940632876
3347,35.11447023,0.937272473
3343,35.88240693,0.936152338
3287,7.707562788,0.920470456
3302,20.34543459,0.924670961
3387,26.86756678,0.948473817
3387,24.17564171,0.948473817
3388,21.3443943,0.94875385
3363,15.15689224,0.94175301
3365,31.19867853,0.942313078
3374,39.41725272,0.94483338
3382,43.89481174,0.947073649
3357,9.859637071,0.940072809
3383,9.585463354,0.947353682
3373,46.71512928,0.944553346
3366,13.28920815,0.942593111
3571,20.17738579,1
3571,31.812079,1
3571,17.56492199,1
3571,15.61393643,1
3569,21.31669713,0.999439933
3571,28.93018003,1
3571,23.54380092,1
3571,25.09584842,1
3571,36.415939,1
3571,31.8821739,1
3571,27.14903338,1
3571,28.36700624,1
3571,29.85426879,1
3571,28.4883418,1
3571,22.35556668,1
3571,19.8622298,1
3571,19.53804229,1
3571,17.36790028,1
3571,17.15499828,1
3571,13.82167508,1
3571,9.656454115,1
3571,10.41371042,1
3571,20.417019,1
3571,32.16555587,1
3571,34.27314352,1
3571,29.97657398,1
3571,31.6287723,1
3571,39.39197634,1
3571,40.52904773,1
3571,41.90666966,1
3571,13.47970211,1
3571,18.28882373,1
3571,31.91672617,1
3571,34.3337462,1
3571,39.70433336,1
3567,18.954099,0.998879866
3565,14.22534791,0.998319798
3571,21.83458632,1
3566,27.68035675,0.998599832
3556,12.30560374,0.995799496
3571,9.401848714,1
3571,8.770505953,1
3565,15.26444007,0.998319798
3561,2.513205566,0.997199664
3559,8.939794194,0.996639597
3557,12.02005339,0.99607953
3552,1.23339374,0.994679362
3569,7.313882951,0.999439933
3571,13.70685197,1
3571,26.97506044,1
3571,21.64700767,1
3571,35.50182937,1
3558,29.83578487,0.996359563
3562,35.43711554,0.997479698
3571,36.35677632,1
3571,36.04322231,1
3571,11.63652885,1
3568,9.208426147,0.999159899
3563,0.673995132,0.997759731
3547,22.31496199,0.993279194
3549,10.45203714,0.993839261
3558,23.17383643,0.996359563
3558,27.67306979,0.996359563
3555,28.22868244,0.995519462
3555,15.72798014,0.995519462
3571,41.66126447,1
3571,37.6877181,1
3571,42.89217245,1
3571,40.9743522,1
3571,43.94266215,1
3571,48.40083119,1
3571,46.71754111,1
3571,46.76194433,1
3571,45.27188179,1
3571,43.10074455,1
3571,47.22064966,1
3571,40.19998812,1
3571,38.078814,1
3571,37.61658157,1
3571,40.11862664,1
3571,32.61330447,1
3571,34.03451945,1
3571,39.49183577,1
3571,37.98814893,1
3571,45.21267988,1
3571,40.03787343,1
3571,40.70805093,1
3571,41.3860424,1
3571,45.3048729,1
3571,45.85802587,1
3571,43.50264448,1
3571,37.80998323,1
3571,41.49514784,1
3571,43.96739137,1
3571,26.79280581,1
3571,36.24359704,1
3571,46.541669,1
3571,43.55966168,1
3571,41.53000195,1
3571,48.56588199,1
3571,46.81315966,1
3571,46.92055719,1
3571,40.62000105,1
3571,38.11685753,1
3570,33.81482533,0.999719966
3571,32.41517781,1
3571,40.6576782,1
3571,47.10808005,1
3571,25.85390444,1
3562,35.92365288,0.997479698
3564,43.88855039,0.998039765
3568,48.26035133,0.999159899
3558,41.44722824,0.996359563
3557,34.82208061,0.99607953
3569,16.96061097,0.999439933
3571,13.87767793,1
3422,41.60348646,0.958274993
3429,25.95249604,0.960235228
3430,28.06301066,0.960515262
3288,31.31772038,0.92075049
3287,23.84136611,0.920470456
3290,17.00683925,0.921310557
3274,4.7828622,0.91683002
3304,47.57678707,0.925231028
3251,22.10814801,0.910389247
3265,42.91670629,0.914309717
3400,20.83927654,0.952114254
3400,24.06705659,0.952114254
3393,0.592835232,0.950154018
3401,31.54642241,0.952394287
3471,40.53193398,0.97199664
3473,39.21838239,0.972556707
3481,37.07111949,0.974796976
3461,34.7575812,0.969196304
3460,36.88941185,0.96891627
3460,37.90854643,0.96891627
3456,39.21668656,0.967796136
3449,43.52657658,0.9658359
3460,48.47686271,0.96891627
3458,26.62832509,0.968356203
3465,24.73666844,0.970316438
3480,16.7770337,0.974516942
3476,23.14251439,0.973396808
3477,28.52494032,0.973676841
3449,33.96945142,0.9658359
3435,32.08993506,0.96191543
3443,43.59521826,0.964155699
3444,29.06162957,0.964435732
3435,28.67317108,0.96191543
3445,32.53097226,0.964715766
3451,39.71916865,0.966395968
3430,49.43975862,0.960515262
3451,46.76186883,0.966395968
3444,48.19433308,0.964435732
3439,37.31123313,0.963035564
3455,39.18882785,0.967516102
3447,35.05090075,0.965275833
3451,17.26258782,0.966395968
3447,11.74637789,0.965275833
3444,22.25584338,0.964435732
3437,20.11360959,0.962475497
3437,17.04214624,0.962475497
3470,37.01973947,0.971716606
3468,37.70116678,0.971156539
3475,32.41341307,0.973116774
3471,30.25267383,0.97199664
3474,24.49667986,0.97283674
3455,23.20239091,0.967516102
3456,20.62146849,0.967796136
3455,26.33038847,0.967516102
3451,10.92547853,0.966395968
3390,42.61811586,0.949313918
3391,42.4877064,0.949593951
3485,10.68522961,0.97591711
3468,1.650606909,0.971156539
3464,9.417563952,0.970036404
3460,3.709936533,0.96891627
3450,10.51208527,0.966115934
3455,3.26295163,0.967516102
3457,9.142361313,0.968076169
3485,32.72325539,0.97591711
3487,34.20627726,0.976477177
3478,23.51404934,0.973956875
3486,24.62992649,0.976197144
3497,30.83031019,0.979277513
3494,34.45292948,0.978437412
3488,38.33593489,0.976757211
3496,43.1413212,0.97899748
3492,40.06766182,0.977877345
3492,22.75079053,0.977877345
3490,17.70455625,0.977317278
3491,15.67034046,0.977597312
3491,8.174956408,0.977597312
3481,19.37292098,0.974796976
3479,24.8093803,0.974236908
3479,21.74886907,0.974236908
3481,15.32956105,0.974796976
3485,38.97719475,0.97591711
3488,43.87386313,0.976757211
3489,46.2419826,0.977037244
3494,44.88362292,0.978437412
3482,44.05338214,0.975077009
3478,44.35260766,0.973956875
3475,41.20575057,0.973116774
3502,44.14676939,0.980677681
3508,42.4774715,0.982357883
3511,49.07509486,0.983197984
3512,49.52084043,0.983478017
3520,47.44772996,0.985718286
3518,49.78214239,0.985158219
3522,49.06585772,0.986278353
3527,50.29616196,0.987678521
3525,41.4192391,0.987118454
3523,41.66272425,0.986558387
3511,38.63448345,0.983197984
3512,36.31715984,0.983478017
3512,45.07525992,0.983478017
3514,47.00842822,0.984038085
3505,44.20056296,0.981517782
3497,40.92218061,0.979277513
3510,32.56629697,0.98291795
3514,33.10748132,0.984038085
3510,35.49330987,0.98291795
3506,40.70576587,0.981797816
3499,33.31480656,0.979837581
3505,26.04619505,0.981517782
3492,35.28578127,0.977877345
3497,3.715719717,0.979277513
3509,0.387863602,0.982637917
3510,13.53315209,0.98291795
3512,3.564766015,0.983478017
3505,19.54352773,0.981517782
3532,48.46436643,0.989078689
3525,45.17347199,0.987118454
3527,43.4485959,0.987678521
3519,46.50660604,0.985438253
3518,43.78717246,0.985158219
3521,38.25488774,0.98599832
3524,37.67028527,0.986838421
3523,22.1077314,0.986558387
3521,22.99366251,0.98599832
3506,29.82875195,0.981797816
3528,49.04524567,0.987958555
3517,4.242670595,0.984878185
3529,10.12248553,0.988238589
3507,16.92343197,0.982077849
3508,12.45423304,0.982357883
3507,4.50396531,0.982077849
3519,7.303550808,0.985438253
3513,1.959911172,0.983758051
3518,3.701212574,0.985158219
3515,12.36345746,0.984318118
3531,5.000378618,0.988798656
3524,4.809961585,0.986838421
3519,20.1209051,0.985438253
3528,26.25322244,0.987958555
3519,31.2761268,0.985438253
3525,24.7041389,0.987118454
3502,19.93397046,0.980677681
3497,40.60371306,0.979277513
3514,40.24808251,0.984038085
3518,43.50315407,0.985158219
3519,41.53203162,0.985438253
3512,41.90096124,0.983478017
3521,31.79694927,0.98599832
3544,21.91102296,0.992439093
3540,24.82177162,0.991318958
3538,30.22891391,0.990758891
3534,31.98263462,0.989638757
3539,34.46741898,0.991038925
3542,29.74974095,0.991879025
3548,25.06692002,0.993559227
3547,31.46892613,0.993279194
3549,31.50911169,0.993839261
3550,29.24161855,0.994119294
3548,39.35683782,0.993559227
3543,41.95344139,0.992159059
3534,42.68294611,0.989638757
3527,35.48181688,0.987678521
3528,37.86580295,0.987958555
3529,42.99802654,0.988238589
3541,46.79148048,0.991598992
3531,46.07106429,0.988798656
3550,42.84844781,0.994119294
3556,47.37484186,0.995799496
3551,49.45972497,0.994399328
3551,45.66092511,0.994399328
3548,47.2181387,0.993559227
3540,44.5281461,0.991318958
3547,15.24886905,0.993279194
3545,17.43785671,0.992719126
3540,14.98848467,0.991318958
3539,19.28516643,0.991038925
3544,24.86703069,0.992439093
3529,14.11720137,0.988238589
3530,11.67961231,0.988518622
3527,24.14029866,0.987678521
3524,20.53586119,0.986838421
3528,29.75799546,0.987958555
3533,33.68814378,0.989358723
3543,3.899641031,0.992159059
3538,5.503061442,0.990758891
3537,9.471501968,0.990478857
3539,13.21517405,0.991038925
3545,9.639538685,0.992719126
3543,7.029441039,0.992159059
3542,12.70502884,0.991879025
3544,12.10031601,0.992439093
3536,1.566610592,0.990198824
3534,3.257965851,0.989638757
3531,2.831066998,0.988798656
3538,1.566617303,0.990758891
3537,3.891375791,0.990478857
3544,2.305447348,0.992439093
3544,3.644410111,0.992439093
3538,13.85579201,0.990758891
3536,8.797636397,0.990198824
3540,5.640689283,0.991318958
3558,49.18565597,0.996359563
3556,42.68291941,0.995799496
3552,44.97371735,0.994679362
3546,40.06231648,0.99299916
3550,35.00819024,0.994119294
3552,31.73692618,0.994679362
3554,33.28752567,0.995239429
3537,37.90793142,0.990478857
3543,29.7420544,0.992159059
3562,23.57658994,0.997479698
3560,29.96608712,0.99691963
3556,25.06895226,0.995799496
3571,2.985249547,1
3571,10.9572488,1
3571,13.92954753,1
3571,15.94290735,1
3571,6.666106937,1
3571,48.56315682,1
3571,41.15576538,1
3571,48.10024245,1
3571,27.69549225,1
3571,30.43315752,1
3571,39.9822145,1
3571,42.41558519,1
3571,33.7453304,1
3571,35.79870359,1
3571,38.02515308,1
3571,40.37603218,1
3571,32.7871993,1
3571,46.3420459,1
3571,48.65346966,1
3564,47.72163431,0.998039765
3566,44.13395526,0.998599832
3561,0.975927371,0.997199664
3560,3.805228612,0.99691963
3568,24.50240833,0.999159899
3565,19.01391544,0.998319798
3571,34.44765345,1
3566,49.58716754,0.998599832
3562,47.73720368,0.997479698
3556,25.15822536,0.995799496
3548,41.24481353,0.993559227
3548,36.94626656,0.993559227
3545,37.08225351,0.992719126
3548,45.25375949,0.993559227
3554,40.07593758,0.995239429
3552,41.21469539,0.994679362
3558,39.38517681,0.996359563
3571,38.0065882,1
3571,37.41456769,1
3546,11.1866833,0.99299916
3571,37.51468,1
3548,38.68610639,0.993559227
3441,24.21754063,0.963595631